spotifyID,song_name,start,end,Wonder,Transcendence,Tenderness,Nostalgia,Peacefulness,Power,Joy,Tension,Sadness
0oz9ITtPIt3iI1nzdVX9L2,0oz9ITtPIt3iI1nzdVX9L2,0.0,220.16,0.13199150562286377,0.12020532786846161,0.12419363856315613,0.08806191384792328,0.07010281085968018,0.15171264111995697,0.05906018242239952,0.1510133147239685,0.10365867614746094
3jqcJNacs1yDhtMk0wckxv,3jqcJNacs1yDhtMk0wckxv,0.0,168.96,0.10015310347080231,0.1488078534603119,0.07865636795759201,0.16754291951656342,0.1009180024266243,0.17353267967700958,0.06733690202236176,0.09818502515554428,0.06486722826957703
3jqcJNacs1yDhtMk0wckxv,3jqcJNacs1yDhtMk0wckxv,166.4,192.0,0.05749974772334099,0.12322008609771729,0.04582228884100914,0.0427628755569458,0.1131199449300766,0.07946524024009705,0.02807610295712948,0.05280385911464691,0.4572298228740692
3jqcJNacs1yDhtMk0wckxv,3jqcJNacs1yDhtMk0wckxv,0.0,168.96,0.10015310347080231,0.1488078534603119,0.07865636795759201,0.16754291951656342,0.1009180024266243,0.17353267967700958,0.06733690202236176,0.09818502515554428,0.06486722826957703
3jqcJNacs1yDhtMk0wckxv,3jqcJNacs1yDhtMk0wckxv,166.4,192.0,0.05749974772334099,0.12322008609771729,0.04582228884100914,0.0427628755569458,0.1131199449300766,0.07946524024009705,0.02807610295712948,0.05280385911464691,0.4572298228740692
3dD96v5k5BTChh0f1I1ibM,3dD96v5k5BTChh0f1I1ibM,0.0,28.16,0.05517076328396797,0.21632444858551025,0.011019586585462093,0.06582266092300415,0.012737025506794453,0.02793317474424839,0.1420808732509613,0.46211346983909607,0.006798026151955128
3dD96v5k5BTChh0f1I1ibM,3dD96v5k5BTChh0f1I1ibM,25.6,71.68,0.46187451481819153,0.05250917747616768,0.000943331397138536,0.0343652069568634,0.0032219875138252974,0.003842615056782961,0.12051816284656525,0.32194292545318604,0.0007821079925633967
3dD96v5k5BTChh0f1I1ibM,3dD96v5k5BTChh0f1I1ibM,69.12,161.28,0.49227333068847656,0.01305543351918459,0.0023183482699096203,0.07573902606964111,0.007148806471377611,0.009104547090828419,0.2931247651576996,0.10586182773113251,0.0013739003334194422
3dD96v5k5BTChh0f1I1ibM,3dD96v5k5BTChh0f1I1ibM,158.72,240.64000000000001,0.36411014199256897,0.018625836819410324,0.004679942037910223,0.06600919365882874,0.009210186079144478,0.015891874209046364,0.15540018677711487,0.363233745098114,0.002838818822056055
3hWohoIZw0vYNaOniLMTRH,3hWohoIZw0vYNaOniLMTRH,0.0,296.96,0.20194540917873383,0.10655734688043594,0.10019764304161072,0.058343555778265,0.09218399971723557,0.15641796588897705,0.04356849193572998,0.1292908638715744,0.11149470508098602
3hWohoIZw0vYNaOniLMTRH,3hWohoIZw0vYNaOniLMTRH,294.4,394.24,0.11031105369329453,0.1529654711484909,0.07650209218263626,0.21203888952732086,0.14063449203968048,0.12114141136407852,0.038177892565727234,0.09886534512042999,0.049363359808921814
3hWohoIZw0vYNaOniLMTRH,3hWohoIZw0vYNaOniLMTRH,391.68,422.4,0.6230024695396423,0.02518421970307827,0.011486804112792015,0.012354517355561256,0.0439140647649765,0.009988264180719852,0.07385280728340149,0.17110326886177063,0.02911352552473545
3hWohoIZw0vYNaOniLMTRH,3hWohoIZw0vYNaOniLMTRH,419.84,445.44,0.028542479500174522,0.09340235590934753,0.09405328333377838,0.06746367365121841,0.20640037953853607,0.03128114715218544,0.036154910922050476,0.07832101732492447,0.36438077688217163
3hWohoIZw0vYNaOniLMTRH,3hWohoIZw0vYNaOniLMTRH,442.88,550.4,0.11618473380804062,0.11412230134010315,0.20480048656463623,0.11824077367782593,0.09648362547159195,0.12873578071594238,0.07940889894962311,0.09295453131198883,0.04906883463263512
7K8NRwkKDP4cDeLyCKOcdL,7K8NRwkKDP4cDeLyCKOcdL,0.0,66.56,0.24530047178268433,0.07045426964759827,0.1791663020849228,0.05646568909287453,0.059262100607156754,0.15026462078094482,0.06894112378358841,0.11149132996797562,0.05865413695573807
7K8NRwkKDP4cDeLyCKOcdL,7K8NRwkKDP4cDeLyCKOcdL,64.0,130.56,0.062134962528944016,0.11552942544221878,0.17593103647232056,0.026892535388469696,0.13251428306102753,0.18261107802391052,0.190239816904068,0.07960190623998642,0.03454497829079628
7K8NRwkKDP4cDeLyCKOcdL,7K8NRwkKDP4cDeLyCKOcdL,128.0,161.28,0.05077772215008736,0.057266127318143845,0.01969772018492222,0.01663370244204998,0.0372018925845623,0.1802757829427719,0.026694023981690407,0.06689567118883133,0.544557511806488
6GZDBmjA9cgn0M0z4TlyCE,6GZDBmjA9cgn0M0z4TlyCE,0.0,135.68,0.07091255486011505,0.24631914496421814,0.04591536894440651,0.11997576057910919,0.05002463608980179,0.21544650197029114,0.0389212965965271,0.1412840485572815,0.07120061665773392
6GZDBmjA9cgn0M0z4TlyCE,6GZDBmjA9cgn0M0z4TlyCE,133.12,243.20000000000002,0.08803816884756088,0.09044200927019119,0.07633166015148163,0.07924369722604752,0.0537446103990078,0.2880445122718811,0.044729601591825485,0.20655281841754913,0.07287292927503586
2HwjsEb0xaxURY5gN8X6q5,2HwjsEb0xaxURY5gN8X6q5,0.0,87.04,0.07055911421775818,0.28579363226890564,0.055425483733415604,0.04179534316062927,0.22334879636764526,0.09058810025453568,0.025997640565037727,0.0777001827955246,0.1287917196750641
2HwjsEb0xaxURY5gN8X6q5,2HwjsEb0xaxURY5gN8X6q5,84.48,276.48,0.2197681963443756,0.10369487851858139,0.093045175075531,0.09338072687387466,0.08961989730596542,0.05388546362519264,0.023531151935458183,0.07604855298995972,0.24702595174312592
0yQPpUq5BJyqah5m2Q5Stt,0yQPpUq5BJyqah5m2Q5Stt,0.0,30.720000000000002,0.49128949642181396,0.05413012579083443,0.025535576045513153,0.05244021117687225,0.05360561981797218,0.06147146597504616,0.1339881420135498,0.1005987823009491,0.02694058232009411
0yQPpUq5BJyqah5m2Q5Stt,0yQPpUq5BJyqah5m2Q5Stt,28.16,266.24,0.0892726257443428,0.09021231532096863,0.04852117598056793,0.2696128189563751,0.061717208474874496,0.11975616216659546,0.16417048871517181,0.10039650648832321,0.05634066462516785
07eGxuz8bL6QMsRqEe1Adu,07eGxuz8bL6QMsRqEe1Adu,0.0,238.08,0.07654847204685211,0.09639681130647659,0.14048640429973602,0.11345381289720535,0.18351654708385468,0.155475914478302,0.04574055224657059,0.09118896722793579,0.09719246625900269
07eGxuz8bL6QMsRqEe1Adu,07eGxuz8bL6QMsRqEe1Adu,235.52,304.64,0.055721595883369446,0.08292368799448013,0.06580868363380432,0.06267119944095612,0.10152006894350052,0.32673022150993347,0.046418447047472,0.12447670847177505,0.13372941315174103
07eGxuz8bL6QMsRqEe1Adu,07eGxuz8bL6QMsRqEe1Adu,302.08,376.32,0.040657173842191696,0.09020381420850754,0.03573711961507797,0.03250781446695328,0.04461011290550232,0.1599469929933548,0.029354628175497055,0.14634189009666443,0.4206405282020569
07eGxuz8bL6QMsRqEe1Adu,07eGxuz8bL6QMsRqEe1Adu,373.76,419.84000000000003,0.23894110321998596,0.06966476142406464,0.04373772442340851,0.03563830256462097,0.375905305147171,0.040009040385484695,0.1267806440591812,0.020903602242469788,0.04841947928071022
07eGxuz8bL6QMsRqEe1Adu,07eGxuz8bL6QMsRqEe1Adu,417.28,501.76,0.041831184178590775,0.16329818964004517,0.057675253599882126,0.0710669681429863,0.07515502721071243,0.26071697473526,0.04057246446609497,0.13815324008464813,0.1515306681394577
07eGxuz8bL6QMsRqEe1Adu,07eGxuz8bL6QMsRqEe1Adu,499.2,542.72,0.05815073475241661,0.12085685133934021,0.15508662164211273,0.028555363416671753,0.4316211938858032,0.05592220276594162,0.06267178803682327,0.049089040607213974,0.03804618865251541
07eGxuz8bL6QMsRqEe1Adu,07eGxuz8bL6QMsRqEe1Adu,540.16,601.6,0.37457945942878723,0.06939376890659332,0.08097117394208908,0.009555857628583908,0.07200107723474503,0.09869974851608276,0.04083982855081558,0.15366597473621368,0.10029306262731552
4sYn64V9gqP6bpkOGw5B9k,4sYn64V9gqP6bpkOGw5B9k,0.0,76.80000000000001,0.10265085101127625,0.11411505937576294,0.11034473776817322,0.14516545832157135,0.12182532250881195,0.14362651109695435,0.06312046945095062,0.08881062269210815,0.11034098267555237
4sYn64V9gqP6bpkOGw5B9k,4sYn64V9gqP6bpkOGw5B9k,74.24,115.2,0.04160352423787117,0.013948812149465084,0.00904297735542059,0.18223872780799866,0.3613958954811096,0.014310985803604126,0.35981905460357666,0.014154994860291481,0.0034849941730499268
4sYn64V9gqP6bpkOGw5B9k,4sYn64V9gqP6bpkOGw5B9k,112.64,209.92000000000002,0.0832022875547409,0.05364830791950226,0.10699870437383652,0.19144482910633087,0.11111393570899963,0.16190548241138458,0.10988348722457886,0.07224142551422119,0.1095615103840828
4sYn64V9gqP6bpkOGw5B9k,4sYn64V9gqP6bpkOGw5B9k,207.36,243.20000000000002,0.05609474331140518,0.0010304403258487582,0.001499570906162262,0.003730401396751404,0.15640558302402496,0.0010652089258655906,0.7784306406974792,0.0009975866414606571,0.0007457628380507231
4sYn64V9gqP6bpkOGw5B9k,4sYn64V9gqP6bpkOGw5B9k,240.64,279.04,0.049167416989803314,0.04274934157729149,0.01845257543027401,0.1411629617214203,0.566035807132721,0.029196247458457947,0.120588019490242,0.010140511207282543,0.022507179528474808
4sYn64V9gqP6bpkOGw5B9k,4sYn64V9gqP6bpkOGw5B9k,276.48,314.88,0.02416914887726307,0.053644031286239624,0.044916462153196335,0.42447927594184875,0.07787258923053741,0.1308433711528778,0.11485426127910614,0.07010995596647263,0.05911094695329666
4sYn64V9gqP6bpkOGw5B9k,4sYn64V9gqP6bpkOGw5B9k,312.32,358.4,0.11900360137224197,0.06594747304916382,0.10168838500976562,0.09856171160936356,0.34110862016677856,0.10310038924217224,0.09723903983831406,0.038042325526475906,0.03530842438340187
4sYn64V9gqP6bpkOGw5B9k,4sYn64V9gqP6bpkOGw5B9k,355.84,440.32,0.047688890248537064,0.09225383400917053,0.11722846329212189,0.05056839436292648,0.12449619919061661,0.19521206617355347,0.05523981899023056,0.19402234256267548,0.12329002469778061
4sYn64V9gqP6bpkOGw5B9k,4sYn64V9gqP6bpkOGw5B9k,437.76,473.6,0.00787256844341755,0.05971237272024155,0.07377500832080841,0.17295949161052704,0.08879052847623825,0.01295976247638464,0.028506126254796982,0.389037549495697,0.16638661921024323
4sYn64V9gqP6bpkOGw5B9k,4sYn64V9gqP6bpkOGw5B9k,471.04,496.64,0.0617840476334095,0.012475322932004929,0.42986229062080383,0.014833914116024971,0.15612344443798065,0.02572668343782425,0.0970425233244896,0.10534188896417618,0.09680995345115662
1gb8M0X11FXQiOX5zmNoTH,1gb8M0X11FXQiOX5zmNoTH,0.0,20.48,0.32933878898620605,0.02142324484884739,0.003544293809682131,0.05413156375288963,0.1589655578136444,0.07245046645402908,0.05874088779091835,0.23049187660217285,0.07091328501701355
1gb8M0X11FXQiOX5zmNoTH,1gb8M0X11FXQiOX5zmNoTH,17.92,184.32,0.05312903970479965,0.1074783205986023,0.02044106461107731,0.2387884110212326,0.02796236053109169,0.22794543206691742,0.02386225387454033,0.26288899779319763,0.037504006177186966
1gb8M0X11FXQiOX5zmNoTH,1gb8M0X11FXQiOX5zmNoTH,181.76,215.04,0.03517547994852066,0.033482957631349564,0.007881213910877705,0.1987457126379013,0.4831213057041168,0.12200615555047989,0.0670582726597786,0.04612914100289345,0.006399755831807852
1gb8M0X11FXQiOX5zmNoTH,1gb8M0X11FXQiOX5zmNoTH,212.48,302.08,0.1333722025156021,0.10552987456321716,0.038292307406663895,0.1868557184934616,0.04849580302834511,0.18302379548549652,0.036682747304439545,0.20385324954986572,0.0638943538069725
4KTtYhxFtFL7mBwnjkKfLm,4KTtYhxFtFL7mBwnjkKfLm,0.0,245.76,0.0790584534406662,0.13632269203662872,0.07298079878091812,0.1451435685157776,0.06412581354379654,0.1313692033290863,0.09650874882936478,0.23536129295825958,0.039129480719566345
7xcWKzy4Omd4jKvxj7Ws7L,7xcWKzy4Omd4jKvxj7Ws7L,0.0,58.879999999999995,0.22145570814609528,0.040539760142564774,0.11087699234485626,0.05495337024331093,0.08429349958896637,0.062241386622190475,0.019537044689059258,0.10420194268226624,0.3019002676010132
7xcWKzy4Omd4jKvxj7Ws7L,7xcWKzy4Omd4jKvxj7Ws7L,56.32,104.96000000000001,0.12560179829597473,0.020607871934771538,0.47808754444122314,0.028332173824310303,0.054561275988817215,0.06682495772838593,0.01804501563310623,0.12055245041847229,0.0873868465423584
7xcWKzy4Omd4jKvxj7Ws7L,7xcWKzy4Omd4jKvxj7Ws7L,102.4,166.4,0.2197284698486328,0.09247539192438126,0.060130294412374496,0.08908399194478989,0.15512919425964355,0.14854757487773895,0.049236804246902466,0.06400152295827866,0.12166675180196762
20ISe2Xi5Dm8qPmQ6AQ2LM,20ISe2Xi5Dm8qPmQ6AQ2LM,0.0,66.56,0.0577472485601902,0.08502689003944397,0.03268559277057648,0.17331424355506897,0.1164325401186943,0.09257586300373077,0.045736052095890045,0.3717414140701294,0.024740124121308327
20ISe2Xi5Dm8qPmQ6AQ2LM,20ISe2Xi5Dm8qPmQ6AQ2LM,64.0,104.96000000000001,0.017734475433826447,0.007968309335410595,0.00700655160471797,0.04607009142637253,0.0081161018460989,0.010727484710514545,0.0071178642101585865,0.8893710970878601,0.005888115148991346
20ISe2Xi5Dm8qPmQ6AQ2LM,20ISe2Xi5Dm8qPmQ6AQ2LM,102.4,483.84000000000003,0.04903910681605339,0.05005469173192978,0.02478659898042679,0.2334689050912857,0.06283633410930634,0.04513063281774521,0.024546200409531593,0.4878574013710022,0.022280072793364525
74a9k6xcmGHQiElnnMZEOg,74a9k6xcmGHQiElnnMZEOg,0.0,120.32000000000001,0.077256940305233,0.09068868309259415,0.015630025416612625,0.09784091264009476,0.038030996918678284,0.2558658719062805,0.02057693898677826,0.3773486614227295,0.026760930195450783
74a9k6xcmGHQiElnnMZEOg,74a9k6xcmGHQiElnnMZEOg,117.76,235.52,0.10028394311666489,0.056564055383205414,0.05653895437717438,0.11475355178117752,0.10678206384181976,0.21917347609996796,0.03910374268889427,0.20039449632167816,0.10640572756528854
39HgNoEwV9xAJgLctTOtb5,39HgNoEwV9xAJgLctTOtb5,0.0,217.6,0.08087648451328278,0.14647504687309265,0.09631480276584625,0.07082902640104294,0.14921677112579346,0.16622669994831085,0.04546857997775078,0.11667896807193756,0.12791354954242706
1fDsrQ23eTAVFElUMaf38X,1fDsrQ23eTAVFElUMaf38X,0.0,94.72,0.025790609419345856,0.0656823217868805,0.05180428549647331,0.04212048649787903,0.04427185654640198,0.08180642127990723,0.09926703572273254,0.09637506306171417,0.4928819239139557
1fDsrQ23eTAVFElUMaf38X,1fDsrQ23eTAVFElUMaf38X,92.16,389.12,0.0003041774034500122,0.13031092286109924,0.0025202310644090176,0.0026233806274831295,0.003943390678614378,0.0015562798362225294,0.789739191532135,0.05625411495566368,0.012748134322464466
1fDsrQ23eTAVFElUMaf38X,1fDsrQ23eTAVFElUMaf38X,386.56,432.64,0.04792420193552971,0.2140466868877411,0.16422398388385773,0.06492143124341965,0.1383819580078125,0.04431099444627762,0.16988861560821533,0.07904112339019775,0.07726100087165833
1fDsrQ23eTAVFElUMaf38X,1fDsrQ23eTAVFElUMaf38X,430.08,491.52,0.016843635588884354,0.3051253855228424,0.046107903122901917,0.014209273271262646,0.023137813434004784,0.028548141941428185,0.0468611977994442,0.10808629542589188,0.41108039021492004
1fDsrQ23eTAVFElUMaf38X,1fDsrQ23eTAVFElUMaf38X,488.96,512.0,0.011897622607648373,0.6788134574890137,0.02815847098827362,0.02632039412856102,0.0396852008998394,0.012542745098471642,0.09725689888000488,0.04205648601055145,0.06326877325773239
7zHd9LxIZB8WKosSWN9Umj,7zHd9LxIZB8WKosSWN9Umj,0.0,609.28,0.06128779798746109,0.03978446498513222,0.14705581963062286,0.07538387924432755,0.061903003603219986,0.12074293196201324,0.02011655643582344,0.1212710291147232,0.35245439410209656
5c3iNCYCoaBxkihcQHNt1A,5c3iNCYCoaBxkihcQHNt1A,0.0,58.879999999999995,0.10814425349235535,0.5163353085517883,0.008292079903185368,0.050605420023202896,0.0100956866517663,0.005552939139306545,0.15536580979824066,0.14092078804969788,0.004687661305069923
5c3iNCYCoaBxkihcQHNt1A,5c3iNCYCoaBxkihcQHNt1A,56.32,89.60000000000001,0.6740684509277344,0.0958334431052208,0.002835404360666871,0.004146393854171038,0.003649526508525014,0.0012103536864742637,0.04552369937300682,0.17157255113124847,0.0011601588921621442
5c3iNCYCoaBxkihcQHNt1A,5c3iNCYCoaBxkihcQHNt1A,87.04,145.92000000000002,0.15409694612026215,0.5188469290733337,0.002918222453445196,0.07466296851634979,0.00530215771868825,0.0026221713051199913,0.08131735026836395,0.15773431956768036,0.0024989433586597443
5c3iNCYCoaBxkihcQHNt1A,5c3iNCYCoaBxkihcQHNt1A,143.36,215.04,0.32532352209091187,0.18099267780780792,0.004664440173655748,0.10870689898729324,0.009840271435678005,0.005036825314164162,0.06729544699192047,0.2938224673271179,0.004317403305321932
5c3iNCYCoaBxkihcQHNt1A,5c3iNCYCoaBxkihcQHNt1A,212.48,258.56,0.15066975355148315,0.4154838025569916,0.0034041954204440117,0.047063834965229034,0.002191021107137203,0.0020129624754190445,0.22587518393993378,0.14957739412784576,0.0037218276411294937
5c3iNCYCoaBxkihcQHNt1A,5c3iNCYCoaBxkihcQHNt1A,256.0,376.32,0.5938060283660889,0.17417272925376892,0.001827195635996759,0.037452973425388336,0.017092376947402954,0.002605143701657653,0.09003358334302902,0.08014485239982605,0.0028651561588048935
5c3iNCYCoaBxkihcQHNt1A,5c3iNCYCoaBxkihcQHNt1A,373.76,404.48,0.0799495205283165,0.7772510647773743,0.009322231635451317,0.03501691669225693,0.00716713210567832,0.009285319596529007,0.04167508706450462,0.03532293811440468,0.005009811371564865
5c3iNCYCoaBxkihcQHNt1A,5c3iNCYCoaBxkihcQHNt1A,401.92,427.52,0.718639612197876,0.03776978701353073,0.0010976189514622092,0.01503797061741352,0.0026504111010581255,0.002731451066210866,0.046567145735025406,0.17325739562511444,0.0022485433146357536
5c3iNCYCoaBxkihcQHNt1A,5c3iNCYCoaBxkihcQHNt1A,424.96,494.08,0.2374303936958313,0.281200110912323,0.008140940219163895,0.10741550475358963,0.009352154098451138,0.01070895604789257,0.1263922154903412,0.21179667115211487,0.007563031744211912
5c3iNCYCoaBxkihcQHNt1A,5c3iNCYCoaBxkihcQHNt1A,491.52,519.68,0.010243996977806091,0.8271147012710571,0.0012714003678411245,0.029355034232139587,0.0035501893144100904,0.0007032321882434189,0.07020856440067291,0.05408216640353203,0.0034708096645772457
5c3iNCYCoaBxkihcQHNt1A,5c3iNCYCoaBxkihcQHNt1A,517.12,591.36,0.34062889218330383,0.29119229316711426,0.011323058046400547,0.08054398000240326,0.026826223358511925,0.009127163328230381,0.09899849444627762,0.13565395772457123,0.005705900490283966
5c3iNCYCoaBxkihcQHNt1A,5c3iNCYCoaBxkihcQHNt1A,588.8,616.96,0.05580036714673042,0.31376177072525024,0.01238290686160326,0.017138546332716942,0.01437733881175518,0.0013650363544002175,0.02827175334095955,0.539612352848053,0.01728990115225315
1IMa0Il4w988MwZCUcISix,1IMa0Il4w988MwZCUcISix,0.0,99.84,0.20515751838684082,0.007171608041971922,0.00392192741855979,0.017094427719712257,0.007021783385425806,0.012769205495715141,0.09115112572908401,0.6484835743904114,0.007228780537843704
1IMa0Il4w988MwZCUcISix,1IMa0Il4w988MwZCUcISix,97.28,176.64000000000001,0.3926604092121124,0.0021337782964110374,0.0008245220524258912,0.044332053512334824,0.0016590799205005169,0.0030409819446504116,0.0774177610874176,0.47757112979888916,0.0003603043733164668
1IMa0Il4w988MwZCUcISix,1IMa0Il4w988MwZCUcISix,174.08,245.76,0.31373125314712524,0.0002645511704031378,0.00012129527749493718,0.009542226791381836,0.00017151646898128092,0.00041978733497671783,0.2944675087928772,0.3811400830745697,0.00014174997340887785
1IMa0Il4w988MwZCUcISix,1IMa0Il4w988MwZCUcISix,243.2,281.6,0.0691387876868248,0.0036566590424627066,0.0010906427633017302,0.0341423861682415,0.0014681725297123194,0.004392945673316717,0.07672860473394394,0.8089057803153992,0.00047598587116226554
1IMa0Il4w988MwZCUcISix,1IMa0Il4w988MwZCUcISix,279.04,320.0,0.36481425166130066,0.011366263963282108,0.0033560581505298615,0.10265997052192688,0.005639198236167431,0.00948298443108797,0.19719330966472626,0.3041220009326935,0.001365986536256969
1IMa0Il4w988MwZCUcISix,1IMa0Il4w988MwZCUcISix,317.44,458.24,0.1805277019739151,0.0033629792742431164,0.001457299804314971,0.04145743325352669,0.0018357164226472378,0.0031276552472263575,0.149702250957489,0.6179524660110474,0.0005764974048361182
1IMa0Il4w988MwZCUcISix,1IMa0Il4w988MwZCUcISix,455.68,486.4,0.10326609015464783,0.0005103704170323908,3.809920963249169e-05,0.009785020723938942,7.107797864591703e-05,0.0001260316785192117,0.48645514249801636,0.399684876203537,6.331437907647341e-05
1IMa0Il4w988MwZCUcISix,1IMa0Il4w988MwZCUcISix,483.84,512.0,0.5335973501205444,0.0028296816162765026,0.0014319212641566992,0.05507368966937065,0.0016269572079181671,0.004100589547306299,0.1497914344072342,0.250815749168396,0.0007326373597607017
1IMa0Il4w988MwZCUcISix,1IMa0Il4w988MwZCUcISix,509.44,627.2,0.3262925148010254,0.0035757028963416815,0.001708502066321671,0.030137501657009125,0.003087314311414957,0.004818570334464312,0.06144940108060837,0.5681972503662109,0.000733215594664216
1IMa0Il4w988MwZCUcISix,1IMa0Il4w988MwZCUcISix,624.64,829.44,0.19227737188339233,0.002752995816990733,0.0008759060874581337,0.04222998023033142,0.0017906593857333064,0.00315703172236681,0.15404634177684784,0.6024243235588074,0.0004454089212231338
1IMa0Il4w988MwZCUcISix,1IMa0Il4w988MwZCUcISix,826.88,870.4,0.4017621576786041,0.011825844645500183,0.0050475941970944405,0.0979643240571022,0.009020489640533924,0.010827903635799885,0.2526894211769104,0.20955483615398407,0.0013074694434180856
1IMa0Il4w988MwZCUcISix,1IMa0Il4w988MwZCUcISix,867.84,908.8,0.23842045664787292,0.0006736628129146993,0.0002391267044004053,0.01723049208521843,0.0004601769906003028,0.0012599272886291146,0.14244696497917175,0.5990608930587769,0.0002082846185658127
1IMa0Il4w988MwZCUcISix,1IMa0Il4w988MwZCUcISix,906.24,970.24,0.11451980471611023,0.0011207667412236333,0.00037619704380631447,0.01924770139157772,0.0006094059790484607,0.0019943565130233765,0.05853215232491493,0.8033747673034668,0.00022489040566142648
1IMa0Il4w988MwZCUcISix,1IMa0Il4w988MwZCUcISix,967.68,1008.64,0.38378480076789856,0.007639428600668907,0.003005657810717821,0.11387921869754791,0.010821166448295116,0.007660225499421358,0.22485068440437317,0.24743059277534485,0.0009281755774281919
1IMa0Il4w988MwZCUcISix,1IMa0Il4w988MwZCUcISix,1006.08,1064.9599999999998,0.08427548408508301,0.0003736113430932164,4.933095624437556e-05,0.0250539667904377,0.00014124474546406418,0.00032896819175221026,0.09236733615398407,0.7973709106445312,3.908453800249845e-05
1IMa0Il4w988MwZCUcISix,1IMa0Il4w988MwZCUcISix,1062.4,1113.6,0.11085766553878784,0.010041051544249058,0.00829397700726986,0.04564153775572777,0.007846930995583534,0.009862104430794716,0.3180226981639862,0.4828988015651703,0.006535224616527557
0Dg23zVaNGqUpEtKq9yoVn,0Dg23zVaNGqUpEtKq9yoVn,0.0,87.04,0.012666796334087849,0.07740797847509384,0.005713447462767363,0.006824729964137077,0.005251296330243349,0.004666898865252733,0.0009764121496118605,0.6028333902359009,0.2836590111255646
0Dg23zVaNGqUpEtKq9yoVn,0Dg23zVaNGqUpEtKq9yoVn,84.48,122.88000000000001,0.0017162289004772902,0.023953210562467575,0.0003263915714342147,9.787827730178833e-05,8.683279884280637e-05,0.006325964815914631,0.0003480877203401178,0.35142603516578674,0.6157193779945374
0Dg23zVaNGqUpEtKq9yoVn,0Dg23zVaNGqUpEtKq9yoVn,120.32,186.88,9.141885470853595e-07,0.0025951145216822624,0.0001549224543850869,2.7040854888582544e-08,2.417907808194286e-06,8.597738087701146e-06,2.5516135792713612e-05,0.7701941728591919,0.22701841592788696
0Dg23zVaNGqUpEtKq9yoVn,0Dg23zVaNGqUpEtKq9yoVn,184.32,207.36,5.6164153647841886e-06,0.0030928771011531353,0.00042761382064782083,1.178039497062855e-07,1.2573331332532689e-05,0.00024144636699929833,0.000317478203214705,0.46143588423728943,0.5344663858413696
0Dg23zVaNGqUpEtKq9yoVn,0Dg23zVaNGqUpEtKq9yoVn,204.8,250.88,1.8951786842080764e-06,0.11593140661716461,8.123520819935948e-05,9.244854481949005e-07,3.5177090467186645e-06,0.0001473738084314391,0.001088836113922298,0.8114801645278931,0.0712645873427391
0Dg23zVaNGqUpEtKq9yoVn,0Dg23zVaNGqUpEtKq9yoVn,248.32,268.8,5.03208457303117e-06,0.007508988492190838,0.0001405273942509666,1.2585553577082464e-07,1.2575961591210216e-05,0.0006672420422546566,0.0008062520646490157,0.43421369791030884,0.5566455125808716
0Dg23zVaNGqUpEtKq9yoVn,0Dg23zVaNGqUpEtKq9yoVn,266.24,384.0,1.2954988051205873e-06,0.06053182855248451,0.00011543359141796827,2.7518652245817066e-07,4.792596882907674e-05,5.742213761550374e-05,0.00028524675872176886,0.902883768081665,0.03607666864991188
0Dg23zVaNGqUpEtKq9yoVn,0Dg23zVaNGqUpEtKq9yoVn,381.44,499.2,4.6360255510080606e-06,0.06614863872528076,0.00011917716619791463,2.2644176169706043e-06,0.00048367897397838533,5.9560188674367964e-05,0.03230176866054535,0.6458312273025513,0.2550490200519562
0Dg23zVaNGqUpEtKq9yoVn,0Dg23zVaNGqUpEtKq9yoVn,496.64,565.76,4.3373427160986466e-07,0.11500672996044159,1.724864705465734e-05,1.5190173030532605e-07,2.0344484710221877e-06,3.5335276606929256e-06,0.0003722370893228799,0.8407481908798218,0.04384949430823326
4aWTPC6cuebk9zSpW1PY1Y,4aWTPC6cuebk9zSpW1PY1Y,0.0,294.4,0.07026919722557068,0.30098336935043335,0.03992319107055664,0.14976218342781067,0.03623603284358978,0.15865889191627502,0.07780139148235321,0.12366058677434921,0.04270506650209427
4aWTPC6cuebk9zSpW1PY1Y,4aWTPC6cuebk9zSpW1PY1Y,291.84,325.12,0.01264232862740755,0.7824416160583496,0.010507612489163876,0.0654580220580101,0.03852666914463043,0.028925931081175804,0.010553203523159027,0.04043623059988022,0.010508262552320957
4aWTPC6cuebk9zSpW1PY1Y,4aWTPC6cuebk9zSpW1PY1Y,322.56,350.72,0.1527324914932251,0.1523376703262329,0.05223289132118225,0.13605916500091553,0.12072837352752686,0.1388092339038849,0.074091836810112,0.12142840772867203,0.05157994478940964
67ZNUrluegf6WDsxlZyOVA,67ZNUrluegf6WDsxlZyOVA,0.0,20.48,0.06796468794345856,0.0957469567656517,0.032613079994916916,0.01688559353351593,0.04092605039477348,0.12212008982896805,0.1030062586069107,0.3859688937664032,0.13476833701133728
67ZNUrluegf6WDsxlZyOVA,67ZNUrluegf6WDsxlZyOVA,17.92,58.879999999999995,0.32833364605903625,0.0017080818070098758,0.0007469955598935485,0.030932938680052757,0.0012725840788334608,0.0010575877968221903,0.4218153655529022,0.19637203216552734,0.01776074804365635
67ZNUrluegf6WDsxlZyOVA,67ZNUrluegf6WDsxlZyOVA,56.32,76.80000000000001,0.013286003842949867,0.0013806394999846816,0.000258652406046167,3.546710286173038e-05,5.358411726774648e-05,0.00014463125262409449,0.23157747089862823,0.21092404425144196,0.5423394441604614
67ZNUrluegf6WDsxlZyOVA,67ZNUrluegf6WDsxlZyOVA,74.24,99.84,0.2158614546060562,0.0004412164562381804,0.0002436770882923156,0.0010417611338198185,0.00012724538100883365,5.6587017752463e-05,0.1974332630634308,0.5842205286026001,0.0005743281217291951
67ZNUrluegf6WDsxlZyOVA,67ZNUrluegf6WDsxlZyOVA,97.28,115.2,0.23553907871246338,0.00019818375585600734,3.961952097597532e-05,0.0009082639589905739,0.0001899019698612392,9.063995821634308e-05,0.6490909457206726,0.11385565996170044,8.764686208451167e-05
67ZNUrluegf6WDsxlZyOVA,67ZNUrluegf6WDsxlZyOVA,112.64,161.28,0.42649129033088684,0.012306956574320793,0.009333864785730839,0.016261912882328033,0.006129291839897633,0.009357381612062454,0.14863985776901245,0.25420740246772766,0.1172720342874527
67ZNUrluegf6WDsxlZyOVA,67ZNUrluegf6WDsxlZyOVA,158.72,220.16,0.13670220971107483,0.0803367868065834,0.05646425858139992,0.15440362691879272,0.039190873503685,0.08242250978946686,0.30740612745285034,0.09180659055709839,0.051267076283693314
67ZNUrluegf6WDsxlZyOVA,67ZNUrluegf6WDsxlZyOVA,217.6,281.6,0.23345643281936646,0.003486358793452382,0.0007629718165844679,0.05250541865825653,0.0030542376916855574,0.0009045074693858624,0.4499897062778473,0.25345978140830994,0.0023805710952728987
67ZNUrluegf6WDsxlZyOVA,67ZNUrluegf6WDsxlZyOVA,279.04,307.2,0.20284025371074677,0.0031017104629427195,0.0023198025301098824,0.007800953928381205,0.005617701448500156,0.0011796746402978897,0.15552565455436707,0.6197028756141663,0.0019113372545689344
6D527hFJzl1vWSzosEbyQk,6D527hFJzl1vWSzosEbyQk,0.0,215.04,0.10881824046373367,0.1984349489212036,0.08304324746131897,0.048220954835414886,0.093657486140728,0.09106548875570297,0.031074408441781998,0.1994895190000534,0.1461956948041916
6D527hFJzl1vWSzosEbyQk,6D527hFJzl1vWSzosEbyQk,212.48,230.4,0.0810723677277565,0.022914482280611992,0.01450751256197691,0.010625689290463924,0.02097124047577381,0.08457958698272705,0.014016978442668915,0.7032358050346375,0.048076331615448
6dnco8haegnJYtylV26cBq,6dnco8haegnJYtylV26cBq,0.0,30.720000000000002,0.1271798461675644,0.007348260376602411,0.2975204586982727,0.028039108961820602,0.16241492331027985,0.2275519222021103,0.07266224175691605,0.02748408168554306,0.04979917034506798
6dnco8haegnJYtylV26cBq,6dnco8haegnJYtylV26cBq,28.16,94.72,0.02368135005235672,0.092021644115448,0.08478862792253494,0.013250051997601986,0.03833458572626114,0.4512118995189667,0.19484294950962067,0.04805443435907364,0.05381433665752411
6dnco8haegnJYtylV26cBq,6dnco8haegnJYtylV26cBq,92.16,174.08,0.15267206728458405,0.030846139416098595,0.16479556262493134,0.013036467134952545,0.05034220591187477,0.08352047204971313,0.042929258197546005,0.04412653669714928,0.41773131489753723
6dnco8haegnJYtylV26cBq,6dnco8haegnJYtylV26cBq,171.52,248.32,0.13777364790439606,0.24409233033657074,0.05051647871732712,0.016954276710748672,0.039628658443689346,0.06777195632457733,0.041620802134275436,0.045866187661886215,0.3557756245136261
1mC7u32zemMLC1mVOU02Pm,1mC7u32zemMLC1mVOU02Pm,0.0,181.76,0.06926095485687256,0.16696229577064514,0.06392403692007065,0.17711123824119568,0.06226928532123566,0.18123872578144073,0.07570599019527435,0.16039228439331055,0.043135181069374084
1mC7u32zemMLC1mVOU02Pm,1mC7u32zemMLC1mVOU02Pm,179.2,312.32,0.051489755511283875,0.09101738780736923,0.05022565647959709,0.11772178113460541,0.03556760028004646,0.25670143961906433,0.047322340309619904,0.30966079235076904,0.04029321298003197
1n2Vr6BhfZ0rNFA2pg8jJu,1n2Vr6BhfZ0rNFA2pg8jJu,0.0,117.76,0.15492181479930878,0.082910917699337,0.11712751537561417,0.12904541194438934,0.1543552428483963,0.1472986936569214,0.035972338169813156,0.03917358070611954,0.13919439911842346
4pfQLkCEKxD9Z40ijuNG9N,4pfQLkCEKxD9Z40ijuNG9N,0.0,17.92,0.03891865536570549,0.02365647815167904,0.10499782115221024,0.09536362439393997,0.10129467397928238,0.3786316215991974,0.03175985813140869,0.04660189524292946,0.17877532541751862
4pfQLkCEKxD9Z40ijuNG9N,4pfQLkCEKxD9Z40ijuNG9N,15.36,174.08,0.18165984749794006,0.023693129420280457,0.21380983293056488,0.058941684663295746,0.13775654137134552,0.13680490851402283,0.11269908398389816,0.06470455229282379,0.06993044167757034
4pfQLkCEKxD9Z40ijuNG9N,4pfQLkCEKxD9Z40ijuNG9N,171.52,197.12,0.04379681870341301,0.01868692971765995,0.07336074858903885,0.05104328691959381,0.02683326043188572,0.4972397983074188,0.04387156292796135,0.12243165075778961,0.12273593991994858
3pRaLNL3b8x5uBOcsgvdqM,3pRaLNL3b8x5uBOcsgvdqM,0.0,51.199999999999996,0.03293468803167343,0.03298256918787956,0.04755105823278427,0.04875451326370239,0.05411621183156967,0.4489600658416748,0.03578082472085953,0.08328303694725037,0.21563708782196045
3pRaLNL3b8x5uBOcsgvdqM,3pRaLNL3b8x5uBOcsgvdqM,48.64,294.4,0.023813985288143158,0.012760980054736137,0.08928258717060089,0.014228221960365772,0.08042465895414352,0.058000966906547546,0.015355193056166172,0.05355726554989815,0.6525760293006897
3pRaLNL3b8x5uBOcsgvdqM,3pRaLNL3b8x5uBOcsgvdqM,291.84,414.72,0.058284539729356766,0.03434162586927414,0.10214750468730927,0.03162899240851402,0.1174391657114029,0.09798072278499603,0.027433261275291443,0.09557756781578064,0.4351665675640106
2IwkPDzxR0aQ8qM4odZvtn,2IwkPDzxR0aQ8qM4odZvtn,0.0,220.16,0.09696266055107117,0.1084693893790245,0.026261303573846817,0.11850454658269882,0.055505815893411636,0.37827345728874207,0.02827989123761654,0.14877738058567047,0.03896553814411163
7mCqWVvtsdZr53MvpcOiP3,7mCqWVvtsdZr53MvpcOiP3,0.0,40.96,0.589771032333374,0.03209269046783447,0.018259558826684952,0.04394613578915596,0.028374385088682175,0.025761960074305534,0.1626468300819397,0.08524502068758011,0.0139024518430233
7mCqWVvtsdZr53MvpcOiP3,7mCqWVvtsdZr53MvpcOiP3,38.4,112.64,0.20214197039604187,0.12698021531105042,0.031556807458400726,0.044177692383527756,0.02233317121863365,0.05776580050587654,0.19747422635555267,0.24981452524662018,0.06775562465190887
7mCqWVvtsdZr53MvpcOiP3,7mCqWVvtsdZr53MvpcOiP3,110.08,399.36,0.22077548503875732,0.13258536159992218,0.050951991230249405,0.11688495427370071,0.16313202679157257,0.09205473959445953,0.1369663029909134,0.05859670415520668,0.028052369132637978
3B3eOgLJSqPEA0RfboIQVM,3B3eOgLJSqPEA0RfboIQVM,0.0,35.839999999999996,0.09529672563076019,0.015898816287517548,0.24638459086418152,0.006703091785311699,0.2302245944738388,0.0324815958738327,0.04074641317129135,0.06402135640382767,0.2682427763938904
3B3eOgLJSqPEA0RfboIQVM,3B3eOgLJSqPEA0RfboIQVM,33.28,99.84,0.0428115576505661,0.023404564708471298,0.10495159029960632,0.004111751448363066,0.05983655899763107,0.022277403622865677,0.10536477714776993,0.06308750808238983,0.5741541385650635
3B3eOgLJSqPEA0RfboIQVM,3B3eOgLJSqPEA0RfboIQVM,97.28,122.88000000000001,0.06969083100557327,0.09477785229682922,0.013809300027787685,0.005827214103192091,0.010929195210337639,0.11283169686794281,0.4926055371761322,0.03922756016254425,0.1603008508682251
3B3eOgLJSqPEA0RfboIQVM,3B3eOgLJSqPEA0RfboIQVM,120.32,161.28,0.010452737100422382,0.015582499094307423,0.044839080423116684,0.0015238708583638072,0.02676779218018055,0.06383626163005829,0.09240926057100296,0.035964228212833405,0.7086241841316223
3B3eOgLJSqPEA0RfboIQVM,3B3eOgLJSqPEA0RfboIQVM,158.72,238.08,0.0333968885242939,0.06723509728908539,0.022593429312109947,0.025373954325914383,0.037174124270677567,0.14164119958877563,0.42701610922813416,0.05680336058139801,0.18876586854457855
4RL77hMWUq35NYnPLXBpih,4RL77hMWUq35NYnPLXBpih,0.0,202.24,0.08611731976270676,0.055299513041973114,0.11416463553905487,0.11659207940101624,0.08266054093837738,0.20099055767059326,0.05802665650844574,0.1111566498875618,0.17499206960201263
2ej8Av0xMTBQwNIt0QeLbS,2ej8Av0xMTBQwNIt0QeLbS,0.0,15.36,0.0930074006319046,0.056046634912490845,0.029437553137540817,0.005837359465658665,0.015969878062605858,0.030088942497968674,0.005442924797534943,0.28759637475013733,0.4765729308128357
2ej8Av0xMTBQwNIt0QeLbS,2ej8Av0xMTBQwNIt0QeLbS,12.8,158.72,0.012572127394378185,0.22039900720119476,0.009936991147696972,0.1443570852279663,0.02693641185760498,0.02360290288925171,0.018845822662115097,0.4824707806110382,0.06087889149785042
2ej8Av0xMTBQwNIt0QeLbS,2ej8Av0xMTBQwNIt0QeLbS,156.16,168.96,0.011393332853913307,0.00030535823316313326,0.0013993046013638377,9.948130173143e-05,0.00046226970152929425,0.0004645136068575084,0.020714689046144485,0.2787742018699646,0.6863868832588196
0Vtwa1eRykSFTGXbDBq7d2,0Vtwa1eRykSFTGXbDBq7d2,0.0,28.16,0.04088892787694931,0.23418216407299042,0.07575921714305878,0.03935002535581589,0.1848396509885788,0.09064756333827972,0.05636455863714218,0.050198085606098175,0.22776976227760315
0Vtwa1eRykSFTGXbDBq7d2,0Vtwa1eRykSFTGXbDBq7d2,25.6,53.76,0.6835857033729553,0.03766828402876854,0.015750981867313385,0.09765563160181046,0.06829407811164856,0.008075711317360401,0.022084113210439682,0.06189875677227974,0.004986780695617199
0Vtwa1eRykSFTGXbDBq7d2,0Vtwa1eRykSFTGXbDBq7d2,51.2,89.60000000000001,0.23843084275722504,0.10190270096063614,0.041509758681058884,0.10402362048625946,0.025799846276640892,0.017983153462409973,0.04509985074400902,0.4034395217895508,0.021810751408338547
0Vtwa1eRykSFTGXbDBq7d2,0Vtwa1eRykSFTGXbDBq7d2,87.04,145.92000000000002,0.12400960922241211,0.12294535338878632,0.14977337419986725,0.09678349643945694,0.16068990528583527,0.1044773980975151,0.03272176533937454,0.0624493844807148,0.14614973962306976
0Vtwa1eRykSFTGXbDBq7d2,0Vtwa1eRykSFTGXbDBq7d2,143.36,179.20000000000002,0.13382554054260254,0.06079527363181114,0.02488028071820736,0.07149841636419296,0.006516421213746071,0.010837390087544918,0.03838568553328514,0.633891761302948,0.01936926692724228
3ddxe0WYUpNPtSnHgQOad5,3ddxe0WYUpNPtSnHgQOad5,0.0,130.56,0.08690419793128967,0.06709638237953186,0.12007226049900055,0.13721118867397308,0.07036885619163513,0.1744598001241684,0.04493740573525429,0.0846172496676445,0.21433258056640625
3ddxe0WYUpNPtSnHgQOad5,3ddxe0WYUpNPtSnHgQOad5,128.0,317.44,0.09265298396348953,0.13586625456809998,0.09001582860946655,0.19073456525802612,0.0688248723745346,0.16938933730125427,0.09778579324483871,0.0934898629784584,0.061240438371896744
44hY7Urzo7vsWN98RlIAQo,44hY7Urzo7vsWN98RlIAQo,0.0,97.28,0.19040144979953766,0.06051914766430855,0.06034503132104874,0.09568030387163162,0.0820128321647644,0.2539219558238983,0.09622102975845337,0.10013069957494736,0.06076754257082939
22mBah1Qkoq4JoELeWtxRa,22mBah1Qkoq4JoELeWtxRa,0.0,28.16,0.10914450883865356,0.09180423617362976,0.09545692801475525,0.19605493545532227,0.09482843428850174,0.13297191262245178,0.1548929512500763,0.06995843350887299,0.05488766357302666
22mBah1Qkoq4JoELeWtxRa,22mBah1Qkoq4JoELeWtxRa,25.6,76.80000000000001,0.03625998646020889,0.02543177269399166,0.0011095963418483734,0.07526127994060516,0.019518492743372917,0.0026897534262388945,0.646853506565094,0.1827482283115387,0.01012734416872263
22mBah1Qkoq4JoELeWtxRa,22mBah1Qkoq4JoELeWtxRa,74.24,107.52000000000001,0.15537811815738678,0.06577763706445694,0.06278454512357712,0.19758135080337524,0.13937395811080933,0.11393037438392639,0.17145855724811554,0.053552333265542984,0.040163103491067886
22mBah1Qkoq4JoELeWtxRa,22mBah1Qkoq4JoELeWtxRa,104.96,153.6,0.13824471831321716,0.0023909644223749638,7.722313603153452e-05,0.037485308945178986,0.002214070176705718,0.00028539475169964135,0.7495092153549194,0.06821809709072113,0.0015749393496662378
22mBah1Qkoq4JoELeWtxRa,22mBah1Qkoq4JoELeWtxRa,151.04,207.36,0.1233757883310318,0.09945592284202576,0.09743809700012207,0.20011302828788757,0.106630340218544,0.14355407655239105,0.0764448493719101,0.08338252454996109,0.06960536539554596
3YfS47QufnLDFA71FUsgCM,3YfS47QufnLDFA71FUsgCM,0.0,15.36,0.011307776905596256,0.3834972381591797,0.00577231589704752,0.0008539896225556731,0.00837966613471508,0.006010797806084156,0.007771252188831568,0.02098318561911583,0.5554237365722656
3YfS47QufnLDFA71FUsgCM,3YfS47QufnLDFA71FUsgCM,12.8,112.64,0.25930166244506836,0.32631123065948486,0.05284461751580238,0.035660065710544586,0.052469346672296524,0.07603524625301361,0.07321497797966003,0.0432882122695446,0.08087453991174698
3YfS47QufnLDFA71FUsgCM,3YfS47QufnLDFA71FUsgCM,110.08,133.12,0.029734548181295395,0.7874098420143127,0.010020723566412926,0.01517554372549057,0.04706533998250961,0.016801852732896805,0.059299007058143616,0.01364428922533989,0.020848767831921577
3YfS47QufnLDFA71FUsgCM,3YfS47QufnLDFA71FUsgCM,130.56,186.88,0.13385018706321716,0.33608946204185486,0.03302673250436783,0.03045136108994484,0.047072965651750565,0.11432315409183502,0.12261397391557693,0.04748170077800751,0.1350904256105423
5y788ya4NvwhBznoDIcXwK,5y788ya4NvwhBznoDIcXwK,0.0,15.36,0.011307776905596256,0.3834972381591797,0.00577231589704752,0.0008539896225556731,0.00837966613471508,0.006010797806084156,0.007771252188831568,0.02098318561911583,0.5554237365722656
5y788ya4NvwhBznoDIcXwK,5y788ya4NvwhBznoDIcXwK,12.8,112.64,0.25930166244506836,0.32631123065948486,0.05284461751580238,0.035660065710544586,0.052469346672296524,0.07603524625301361,0.07321497797966003,0.0432882122695446,0.08087453991174698
5y788ya4NvwhBznoDIcXwK,5y788ya4NvwhBznoDIcXwK,110.08,133.12,0.029734548181295395,0.7874098420143127,0.010020723566412926,0.01517554372549057,0.04706533998250961,0.016801852732896805,0.059299007058143616,0.01364428922533989,0.020848767831921577
5y788ya4NvwhBznoDIcXwK,5y788ya4NvwhBznoDIcXwK,130.56,186.88,0.13385018706321716,0.33608946204185486,0.03302673250436783,0.03045136108994484,0.047072965651750565,0.11432315409183502,0.12261397391557693,0.04748170077800751,0.1350904256105423
7gpy7sfWPNuOKmUNs3XQYE,7gpy7sfWPNuOKmUNs3XQYE,0.0,53.76,0.006660595536231995,0.000748843711335212,0.003029812825843692,0.0005841545644216239,0.0013173045590519905,0.08287833631038666,0.0016654018545523286,0.0168209969997406,0.8862944841384888
7gpy7sfWPNuOKmUNs3XQYE,7gpy7sfWPNuOKmUNs3XQYE,51.2,76.80000000000001,0.040203649550676346,0.027367187663912773,0.05303366109728813,0.02334902621805668,0.02186918631196022,0.44539526104927063,0.021346572786569595,0.12051500380039215,0.24692051112651825
7gpy7sfWPNuOKmUNs3XQYE,7gpy7sfWPNuOKmUNs3XQYE,74.24,276.48,0.1614770144224167,0.08943892270326614,0.07073722034692764,0.14110775291919708,0.06301569938659668,0.24342568218708038,0.07804470509290695,0.08021892607212067,0.07253403216600418
5ihS6UUlyQAfmp48eSkxuQ,5ihS6UUlyQAfmp48eSkxuQ,0.0,15.36,0.00030703769880346954,0.09293140470981598,0.006583689246326685,0.00014653144171461463,0.0009017959237098694,0.022740058600902557,0.0011092920321971178,0.04234983026981354,0.8329303860664368
5ihS6UUlyQAfmp48eSkxuQ,5ihS6UUlyQAfmp48eSkxuQ,12.8,138.24,0.01939351297914982,0.26843640208244324,0.04352002963423729,0.03286169841885567,0.017873099073767662,0.13783855736255646,0.029583925381302834,0.1392589658498764,0.3112337589263916
5ihS6UUlyQAfmp48eSkxuQ,5ihS6UUlyQAfmp48eSkxuQ,135.68,197.12,0.03458087891340256,0.15155357122421265,0.05185479670763016,0.054831359535455704,0.031373072415590286,0.28851622343063354,0.04146834462881088,0.1523374319076538,0.19348426163196564
5WLyTdKPldPGy25lTpmURT,5WLyTdKPldPGy25lTpmURT,0.0,17.92,0.005845172796398401,0.18598341941833496,0.01413536537438631,0.0015983962221071124,0.004768922459334135,0.05728740617632866,0.009199772961437702,0.08959090709686279,0.6315906643867493
5WLyTdKPldPGy25lTpmURT,5WLyTdKPldPGy25lTpmURT,15.36,199.68,0.0409981794655323,0.21614573895931244,0.07021702826023102,0.048000767827034,0.035695869475603104,0.16856634616851807,0.04864795133471489,0.13479532301425934,0.23693275451660156
3OL989k5sZhgYpmTODBTN0,3OL989k5sZhgYpmTODBTN0,0.0,46.08,0.05515739694237709,0.08747807890176773,0.07141825556755066,0.15603698790073395,0.10438990592956543,0.030305985361337662,0.06894108653068542,0.388526052236557,0.03774626925587654
3OL989k5sZhgYpmTODBTN0,3OL989k5sZhgYpmTODBTN0,43.52,186.88,0.037350770086050034,0.40013864636421204,0.049577999860048294,0.0714576318860054,0.0785515159368515,0.032507430762052536,0.05398610606789589,0.2256259173154831,0.050804007798433304
6DCZcSspjsKoFjzjrWoCdn,6DCZcSspjsKoFjzjrWoCdn,0.0,25.6,0.26609209179878235,0.04260241612792015,0.01217633206397295,0.007281843107193708,0.00890799704939127,0.013014687225222588,0.20636440813541412,0.3809000253677368,0.06266022473573685
6DCZcSspjsKoFjzjrWoCdn,6DCZcSspjsKoFjzjrWoCdn,23.04,71.68,0.033865682780742645,0.01382399257272482,0.0025905610527843237,0.03123808279633522,0.0024631782434880733,0.005338549613952637,0.07263217866420746,0.8317988514900208,0.006248865742236376
6DCZcSspjsKoFjzjrWoCdn,6DCZcSspjsKoFjzjrWoCdn,69.12,99.84,0.13277879357337952,0.1513434797525406,0.029545994475483894,0.01825835555791855,0.009059267118573189,0.02291821874678135,0.09984276443719864,0.3444676399230957,0.19178546965122223
6DCZcSspjsKoFjzjrWoCdn,6DCZcSspjsKoFjzjrWoCdn,97.28,143.36,0.016396813094615936,0.0031609181314706802,0.0008306166855618358,0.008335385471582413,0.001957870088517666,0.0020229138899594545,0.056930165737867355,0.9095896482467651,0.0007756180129945278
6DCZcSspjsKoFjzjrWoCdn,6DCZcSspjsKoFjzjrWoCdn,140.8,163.84,0.0696750059723854,0.23059232532978058,0.0207857396453619,0.010465116240084171,0.016831565648317337,0.03048877790570259,0.10179277509450912,0.3119277358055115,0.20744095742702484
6DCZcSspjsKoFjzjrWoCdn,6DCZcSspjsKoFjzjrWoCdn,161.28,197.12,0.06896005570888519,0.01307925395667553,0.0028676611836999655,6.423205195460469e-05,0.0023008929565548897,0.010826353915035725,0.012195128947496414,0.8221324682235718,0.06757400184869766
5s8iK4yaAWctDqv5KEjXpj,5s8iK4yaAWctDqv5KEjXpj,0.0,294.4,0.030804453417658806,0.1758614480495453,0.012120035476982594,0.007307767868041992,0.041572291404008865,0.06054376810789108,0.005251901689916849,0.03675677999854088,0.6297817826271057
5oZJAjikPKx7qnhhDuF4Yy,5oZJAjikPKx7qnhhDuF4Yy,0.0,320.0,0.5219398140907288,0.05203073099255562,0.04744487255811691,0.08784270286560059,0.07582799345254898,0.04188069701194763,0.016879193484783173,0.1339958757162094,0.022158151492476463
5oZJAjikPKx7qnhhDuF4Yy,5oZJAjikPKx7qnhhDuF4Yy,317.44,335.36,0.02253876067698002,0.016243737190961838,0.07673929631710052,0.0002749463019426912,0.004443215671926737,0.006897302344441414,0.014014524407684803,0.07871616631746292,0.7801320552825928
6Er8Fz6fuZNi5cvwQjv1ya,6Er8Fz6fuZNi5cvwQjv1ya,0.0,161.28,0.17943529784679413,0.08921495079994202,0.057224102318286896,0.08182404190301895,0.12337753921747208,0.11255995184183121,0.03135795518755913,0.07291857898235321,0.25208768248558044
6Er8Fz6fuZNi5cvwQjv1ya,6Er8Fz6fuZNi5cvwQjv1ya,158.72,194.56,0.05288679897785187,0.03393206745386124,0.025137273594737053,0.04404755309224129,0.05332500487565994,0.032587092369794846,0.0036772550083696842,0.015036193653941154,0.7393707036972046
6Er8Fz6fuZNi5cvwQjv1ya,6Er8Fz6fuZNi5cvwQjv1ya,192.0,309.76,0.1710147261619568,0.07490912824869156,0.04371614381670952,0.049104657024145126,0.11365371197462082,0.13806208968162537,0.02301175892353058,0.07214012742042542,0.31438764929771423
5u5aVJKjSMJr4zesMPz7bL,5u5aVJKjSMJr4zesMPz7bL,0.0,161.28,0.17943529784679413,0.08921495079994202,0.057224102318286896,0.08182404190301895,0.12337753921747208,0.11255995184183121,0.03135795518755913,0.07291857898235321,0.25208768248558044
5u5aVJKjSMJr4zesMPz7bL,5u5aVJKjSMJr4zesMPz7bL,158.72,194.56,0.05288679897785187,0.03393206745386124,0.025137273594737053,0.04404755309224129,0.05332500487565994,0.032587092369794846,0.0036772550083696842,0.015036193653941154,0.7393707036972046
5u5aVJKjSMJr4zesMPz7bL,5u5aVJKjSMJr4zesMPz7bL,192.0,309.76,0.1710147261619568,0.07490912824869156,0.04371614381670952,0.049104657024145126,0.11365371197462082,0.13806208968162537,0.02301175892353058,0.07214012742042542,0.31438764929771423
0B3XiJ76SnOBgdcHWikLnE,0B3XiJ76SnOBgdcHWikLnE,0.0,107.52000000000001,0.031161537393927574,0.1157585009932518,0.03418480604887009,0.05258530378341675,0.022552376613020897,0.27462002635002136,0.05334755778312683,0.13567347824573517,0.28011640906333923
0B3XiJ76SnOBgdcHWikLnE,0B3XiJ76SnOBgdcHWikLnE,104.96,250.88,0.09400717914104462,0.21528971195220947,0.056802522391080856,0.10255252569913864,0.04250717908143997,0.1886167824268341,0.10349664837121964,0.14420044422149658,0.05252703279256821
6kkwzB6hXLIONkEk9JciA6,6kkwzB6hXLIONkEk9JciA6,0.0,486.4,0.09242433309555054,0.1347268670797348,0.12691666185855865,0.18893010914325714,0.15226972103118896,0.11532657593488693,0.046530865132808685,0.07794293761253357,0.06493199616670609
2UZZtkoLOg7IHxeTAdPFvd,2UZZtkoLOg7IHxeTAdPFvd,0.0,486.4,0.09242433309555054,0.1347268670797348,0.12691666185855865,0.18893010914325714,0.15226972103118896,0.11532657593488693,0.046530865132808685,0.07794293761253357,0.06493199616670609
3lAjYTpILqeu4YC6ev3egI,3lAjYTpILqeu4YC6ev3egI,0.0,148.48000000000002,0.06747538596391678,0.19636835157871246,0.06253685802221298,0.06211864575743675,0.06874539703130722,0.23869489133358002,0.03804614394903183,0.15383678674697876,0.11217756569385529
2Oj9Oqd1npO1TC1NXr4bky,2Oj9Oqd1npO1TC1NXr4bky,0.0,181.76,0.41052624583244324,0.06473224610090256,0.0384332649409771,0.05338706821203232,0.2261108011007309,0.058991167694330215,0.058552443981170654,0.055569302290678024,0.03369748592376709
2Oj9Oqd1npO1TC1NXr4bky,2Oj9Oqd1npO1TC1NXr4bky,179.2,215.04,0.10903891921043396,0.02962595224380493,0.05325823649764061,0.26055315136909485,0.22471332550048828,0.03899844363331795,0.14775998890399933,0.031037433072924614,0.10501453280448914
2Oj9Oqd1npO1TC1NXr4bky,2Oj9Oqd1npO1TC1NXr4bky,212.48,235.52,0.05798196792602539,0.025491036474704742,0.08413568139076233,0.025407103821635246,0.06936891376972198,0.019700096920132637,0.6732323169708252,0.03227643668651581,0.012406444177031517
2Oj9Oqd1npO1TC1NXr4bky,2Oj9Oqd1npO1TC1NXr4bky,232.96,332.8,0.1583496481180191,0.09789735823869705,0.07735776156187057,0.14550001919269562,0.1882036030292511,0.12379155308008194,0.08518651872873306,0.0710131898522377,0.052700381726026535
2Oj9Oqd1npO1TC1NXr4bky,2Oj9Oqd1npO1TC1NXr4bky,330.24,430.08,0.3596440255641937,0.11551345139741898,0.04870455339550972,0.05715135484933853,0.1986052691936493,0.06934699416160583,0.052287034690380096,0.06530824303627014,0.03343905135989189
21AdIbIIP9cFgwnwEnEl07,21AdIbIIP9cFgwnwEnEl07,0.0,20.48,0.07540977746248245,0.14485804736614227,0.059145502746105194,0.15125523507595062,0.05223458632826805,0.1289900541305542,0.086606465280056,0.23257510364055634,0.06892526149749756
21AdIbIIP9cFgwnwEnEl07,21AdIbIIP9cFgwnwEnEl07,17.92,174.08,0.011054527945816517,0.033779919147491455,0.005990578792989254,0.03741467744112015,0.010884495452046394,0.029725098982453346,0.010006819851696491,0.852489173412323,0.008654791861772537
54flyrjcdnQdco7300avMJ,54flyrjcdnQdco7300avMJ,0.0,92.16000000000001,0.044175080955028534,0.24193339049816132,0.03651232644915581,0.06462764739990234,0.02840620093047619,0.10391541570425034,0.07966069132089615,0.23324020206928253,0.16752901673316956
54flyrjcdnQdco7300avMJ,54flyrjcdnQdco7300avMJ,89.6,120.32000000000001,0.04518928378820419,0.1298532634973526,0.06331667304039001,0.07228762656450272,0.148812934756279,0.09093867987394333,0.3731333613395691,0.048494160175323486,0.027973981574177742
0fqKjdkPyOUS1UGoLVyW0D,0fqKjdkPyOUS1UGoLVyW0D,0.0,92.16000000000001,0.044175080955028534,0.24193339049816132,0.03651232644915581,0.06462764739990234,0.02840620093047619,0.10391541570425034,0.07966069132089615,0.23324020206928253,0.16752901673316956
0fqKjdkPyOUS1UGoLVyW0D,0fqKjdkPyOUS1UGoLVyW0D,89.6,120.32000000000001,0.04518928378820419,0.1298532634973526,0.06331667304039001,0.07228762656450272,0.148812934756279,0.09093867987394333,0.3731333613395691,0.048494160175323486,0.027973981574177742
2yrKB2EshkmDvO8zoA6GvS,2yrKB2EshkmDvO8zoA6GvS,0.0,94.72,0.1724300980567932,0.056211333721876144,0.028770165517926216,0.20470553636550903,0.0766097828745842,0.08794232457876205,0.05959080159664154,0.2707150876522064,0.043024856597185135
2yrKB2EshkmDvO8zoA6GvS,2yrKB2EshkmDvO8zoA6GvS,92.16,186.88,0.170628160238266,0.040463872253894806,0.024644166231155396,0.278277188539505,0.16437484323978424,0.15718799829483032,0.06446026265621185,0.0786411464214325,0.021322347223758698
59WN2psjkt1tyaxjspN8fp,59WN2psjkt1tyaxjspN8fp,0.0,312.32,0.10571786761283875,0.1339019387960434,0.07030051201581955,0.1546134501695633,0.09252521395683289,0.20547336339950562,0.0655951201915741,0.11185701936483383,0.06001545116305351
3FUS56gKr9mVBmzvlnodlh,3FUS56gKr9mVBmzvlnodlh,0.0,312.32,0.10571786761283875,0.1339019387960434,0.07030051201581955,0.1546134501695633,0.09252521395683289,0.20547336339950562,0.0655951201915741,0.11185701936483383,0.06001545116305351
3Yn97I3qIj7Px0Bi4rkD2q,3Yn97I3qIj7Px0Bi4rkD2q,0.0,53.76,0.09169194847345352,0.18308952450752258,0.11371763050556183,0.14399008452892303,0.13139531016349792,0.10477551072835922,0.040998153388500214,0.0979408323764801,0.09240098297595978
3Yn97I3qIj7Px0Bi4rkD2q,3Yn97I3qIj7Px0Bi4rkD2q,51.2,192.0,0.04514537751674652,0.48194655776023865,0.06056394800543785,0.09724497050046921,0.10688748955726624,0.05063619092106819,0.07022108882665634,0.04641756787896156,0.040936801582574844
5KMj4vhaIhGx6vLKXc4iS8,5KMj4vhaIhGx6vLKXc4iS8,0.0,23.040000000000003,0.025037772953510284,0.018697841092944145,0.23137737810611725,0.03483995795249939,0.387018084526062,0.016512593254446983,0.05199381709098816,0.15587973594665527,0.0786428302526474
5KMj4vhaIhGx6vLKXc4iS8,5KMj4vhaIhGx6vLKXc4iS8,20.48,125.44,0.09645497798919678,0.0033758445642888546,0.11722792685031891,0.011216225102543831,0.16535086929798126,0.0266649778932333,0.013592386618256569,0.47667422890663147,0.08944255858659744
5KMj4vhaIhGx6vLKXc4iS8,5KMj4vhaIhGx6vLKXc4iS8,122.88,320.0,0.12257564812898636,0.09309490770101547,0.13759611546993256,0.09738148003816605,0.1048985943198204,0.06847435235977173,0.07415752112865448,0.23712238669395447,0.06469897925853729
5KMj4vhaIhGx6vLKXc4iS8,5KMj4vhaIhGx6vLKXc4iS8,317.44,430.08,0.01146917324513197,0.1127142682671547,0.03319462388753891,0.009538323618471622,0.023573415353894234,0.11292675882577896,0.008397111669182777,0.6827939748764038,0.005392410792410374
5KMj4vhaIhGx6vLKXc4iS8,5KMj4vhaIhGx6vLKXc4iS8,427.52,455.68,0.07947096228599548,0.03457024693489075,0.15919777750968933,0.029806550592184067,0.08171673119068146,0.4119194447994232,0.04631747677922249,0.10359889268875122,0.05340190976858139
5KMj4vhaIhGx6vLKXc4iS8,5KMj4vhaIhGx6vLKXc4iS8,453.12,483.84000000000003,0.0064983363263309,0.0007197275990620255,0.09525930881500244,0.0004266407049726695,0.5952367782592773,0.0014024692354723811,0.0030254332814365625,0.27922335267066956,0.018207959830760956
5KMj4vhaIhGx6vLKXc4iS8,5KMj4vhaIhGx6vLKXc4iS8,481.28,517.12,4.6733461203984916e-05,0.003318604314699769,0.033514682203531265,0.00011528067261679098,0.0007968755671754479,3.298535739304498e-05,0.0016314510721713305,0.9587682485580444,0.0017749880207702518
5KMj4vhaIhGx6vLKXc4iS8,5KMj4vhaIhGx6vLKXc4iS8,514.56,532.48,0.0007102195522747934,0.044219911098480225,0.47980764508247375,0.0006098485901020467,0.09132516384124756,0.001309633138589561,0.013675685971975327,0.365980863571167,0.0023610168136656284
5KMj4vhaIhGx6vLKXc4iS8,5KMj4vhaIhGx6vLKXc4iS8,529.92,565.76,0.0001887940161395818,0.0005428830627351999,0.07284510880708694,0.00024577544536441565,0.01718589849770069,0.00020757829770445824,0.0002840760280378163,0.9051832556724548,0.0033166019711643457
5KMj4vhaIhGx6vLKXc4iS8,5KMj4vhaIhGx6vLKXc4iS8,563.2,601.6,0.07465802133083344,0.05749060958623886,0.18037255108356476,0.05539810284972191,0.06575177609920502,0.10868378728628159,0.044109273701906204,0.12846505641937256,0.2850708067417145
5KMj4vhaIhGx6vLKXc4iS8,5KMj4vhaIhGx6vLKXc4iS8,599.04,709.12,0.10075265169143677,0.05574142932891846,0.06344560533761978,0.06103462353348732,0.042798545211553574,0.11909770965576172,0.037096090614795685,0.495018869638443,0.025014502927660942
2wcgbvqVTLL0scs5iJWEcz,2wcgbvqVTLL0scs5iJWEcz,0.0,225.28,0.0643514096736908,0.0019837452564388514,0.0005961738061159849,0.02735055796802044,0.0004888306139037013,0.0011395658366382122,0.033798668533563614,0.870003879070282,0.00028713245410472155
4TMVC63HZDYaTGtlhbM95i,4TMVC63HZDYaTGtlhbM95i,0.0,168.96,0.22488081455230713,0.05792601779103279,0.012159226462244987,0.15386146306991577,0.01664174348115921,0.048494864255189896,0.13746687769889832,0.33638957142829895,0.012179464101791382
3kLStDSdGKfs7AZlGWh295,3kLStDSdGKfs7AZlGWh295,0.0,46.08,0.08234529942274094,0.09425295889377594,0.08708449453115463,0.06672076880931854,0.050837814807891846,0.10381311923265457,0.20012816786766052,0.07772836089134216,0.23708903789520264
3kLStDSdGKfs7AZlGWh295,3kLStDSdGKfs7AZlGWh295,43.52,197.12,0.02426196075975895,0.4602304697036743,0.02968038059771061,0.0848938375711441,0.12763364613056183,0.04397599399089813,0.13394653797149658,0.022848114371299744,0.0725291520357132
3kLStDSdGKfs7AZlGWh295,3kLStDSdGKfs7AZlGWh295,194.56,245.76,0.08469602465629578,0.07542968541383743,0.08587943017482758,0.1029844656586647,0.07040772587060928,0.19145040214061737,0.17857792973518372,0.029687322676181793,0.18088704347610474
0ZERGmkfuDSrLaIzEGFdiH,0ZERGmkfuDSrLaIzEGFdiH,0.0,23.040000000000003,0.09743034839630127,0.40297210216522217,0.026452550664544106,0.021391885355114937,0.023215679451823235,0.052084457129240036,0.04372722655534744,0.21508172154426575,0.11764403432607651
0ZERGmkfuDSrLaIzEGFdiH,0ZERGmkfuDSrLaIzEGFdiH,20.48,186.88,0.014859376475214958,0.034553393721580505,0.007474795915186405,0.029597342014312744,0.00669303210452199,0.009508487768471241,0.010728079825639725,0.7674272060394287,0.11915847659111023
2UkX27EXS59qpKUXrMTZlK,2UkX27EXS59qpKUXrMTZlK,0.0,28.16,0.048189837485551834,0.04051485285162926,0.06983846426010132,0.008037859573960304,0.30444347858428955,0.009693268686532974,0.07151757180690765,0.07089608162641525,0.3768685758113861
2UkX27EXS59qpKUXrMTZlK,2UkX27EXS59qpKUXrMTZlK,25.6,61.44,0.19071219861507416,0.09288036078214645,0.017440954223275185,0.0242264736443758,0.021555887535214424,0.01989857666194439,0.2739821970462799,0.22197535634040833,0.13732804358005524
2UkX27EXS59qpKUXrMTZlK,2UkX27EXS59qpKUXrMTZlK,58.88,89.60000000000001,0.04737576097249985,0.026937412098050117,0.009291376918554306,0.01740378513932228,0.009273100644350052,0.005923673510551453,0.18621593713760376,0.5814605355262756,0.116118423640728
2UkX27EXS59qpKUXrMTZlK,2UkX27EXS59qpKUXrMTZlK,87.04,199.68,0.0724811851978302,0.30602338910102844,0.03182229772210121,0.05044896528124809,0.060826633125543594,0.04107462614774704,0.2950272560119629,0.10823623836040497,0.03405942767858505
2UkX27EXS59qpKUXrMTZlK,2UkX27EXS59qpKUXrMTZlK,197.12,238.08,0.16379231214523315,0.07876595109701157,0.025788478553295135,0.05554141104221344,0.04563957825303078,0.047059010714292526,0.5102155804634094,0.06352666020393372,0.009670955128967762
60nZcImufyMA1MKQY3dcCH,60nZcImufyMA1MKQY3dcCH,0.0,92.16000000000001,0.09489237517118454,0.13249340653419495,0.02724660560488701,0.07896342873573303,0.01472452376037836,0.1434202641248703,0.12964770197868347,0.31250327825546265,0.06610840559005737
60nZcImufyMA1MKQY3dcCH,60nZcImufyMA1MKQY3dcCH,89.6,232.96,0.011396201327443123,0.05914129316806793,0.0060831112787127495,0.016766434535384178,0.009992900304496288,0.042679786682128906,0.10167069733142853,0.7338426113128662,0.01842704974114895
0eMxgAHmuvoqpLyYQrbKvQ,0eMxgAHmuvoqpLyYQrbKvQ,0.0,33.28,0.057056862860918045,0.10581165552139282,0.012055591680109501,0.0956510528922081,0.01911582425236702,0.057992253452539444,0.0774606242775917,0.49867141246795654,0.0761846974492073
0eMxgAHmuvoqpLyYQrbKvQ,0eMxgAHmuvoqpLyYQrbKvQ,30.72,104.96000000000001,0.01918180286884308,0.4886242747306824,0.012805534526705742,0.054223380982875824,0.010446920990943909,0.058196425437927246,0.046273522078990936,0.24000677466392517,0.07024142146110535
0eMxgAHmuvoqpLyYQrbKvQ,0eMxgAHmuvoqpLyYQrbKvQ,102.4,128.0,0.0019039646722376347,0.0611177496612072,0.0005175677943043411,0.017513446509838104,0.0014748702524229884,0.010768227279186249,0.009767474606633186,0.8952732086181641,0.0016634983476251364
0eMxgAHmuvoqpLyYQrbKvQ,0eMxgAHmuvoqpLyYQrbKvQ,125.44,230.4,0.011846230365335941,0.1417519599199295,0.003804519074037671,0.09588606655597687,0.011631394736468792,0.1223212257027626,0.1271691918373108,0.46965351700782776,0.01593596115708351
72K0gi3DyEuaW0kPCw0lrO,72K0gi3DyEuaW0kPCw0lrO,0.0,43.519999999999996,0.04013465344905853,0.007235553115606308,0.0027532216627150774,0.0866609662771225,0.003992417361587286,0.006882711313664913,0.015143626369535923,0.8340878486633301,0.0031090283300727606
72K0gi3DyEuaW0kPCw0lrO,72K0gi3DyEuaW0kPCw0lrO,40.96,120.32000000000001,0.09831288456916809,0.08229871839284897,0.0056794253177940845,0.2759322226047516,0.03048998862504959,0.022678904235363007,0.03922051936388016,0.43684566020965576,0.00854170136153698
72K0gi3DyEuaW0kPCw0lrO,72K0gi3DyEuaW0kPCw0lrO,117.76,199.68,0.047502025961875916,0.3581157922744751,0.004733876325190067,0.0961528867483139,0.03767815977334976,0.025460002943873405,0.024261044338345528,0.39593666791915894,0.010159561410546303
2grjqo0Frpf2okIBiifQKs,2grjqo0Frpf2okIBiifQKs,0.0,17.92,0.0004742755845654756,0.7264227271080017,0.0028598953504115343,0.00291791302151978,0.014682994224131107,0.008261071518063545,0.23439228534698486,0.008332699537277222,0.0016561603406444192
2grjqo0Frpf2okIBiifQKs,2grjqo0Frpf2okIBiifQKs,15.36,215.04,0.056135524064302444,0.17459866404533386,0.05911167711019516,0.20768137276172638,0.1349051147699356,0.12714917957782745,0.11672811210155487,0.09306606650352478,0.030624229460954666
3kXoKlD84c6OmIcOLfrfEs,3kXoKlD84c6OmIcOLfrfEs,0.0,17.92,0.0004742755845654756,0.7264227271080017,0.0028598953504115343,0.00291791302151978,0.014682994224131107,0.008261071518063545,0.23439228534698486,0.008332699537277222,0.0016561603406444192
3kXoKlD84c6OmIcOLfrfEs,3kXoKlD84c6OmIcOLfrfEs,15.36,215.04,0.056135524064302444,0.17459866404533386,0.05911167711019516,0.20768137276172638,0.1349051147699356,0.12714917957782745,0.11672811210155487,0.09306606650352478,0.030624229460954666
0Tq7v8YAmwdnAYBwyR1pZ4,0Tq7v8YAmwdnAYBwyR1pZ4,0.0,176.64000000000001,0.012023496441543102,0.00901060551404953,0.009521312080323696,0.04411539435386658,0.004189470317214727,0.008103315718472004,0.008434044197201729,0.8924224376678467,0.012179859913885593
0RZIfTXmwayTJprBbgRGHB,0RZIfTXmwayTJprBbgRGHB,0.0,46.08,0.18298748135566711,0.019934577867388725,0.014728188514709473,0.024022888392210007,0.012296359054744244,0.1582166850566864,0.06206747889518738,0.35599640011787415,0.1697499006986618
0RZIfTXmwayTJprBbgRGHB,0RZIfTXmwayTJprBbgRGHB,43.52,71.68,0.09616298228502274,0.001443300163373351,0.0017839299980551004,0.0012662347871810198,0.00023653714742977172,0.0034500714391469955,0.007031439337879419,0.7870729565620422,0.10155259072780609
0RZIfTXmwayTJprBbgRGHB,0RZIfTXmwayTJprBbgRGHB,69.12,94.72,0.5946266651153564,0.009075675159692764,0.01554308645427227,0.012920909561216831,0.005648867227137089,0.033032771199941635,0.02599116414785385,0.21573591232299805,0.08742498606443405
4fUyndBmTsfMmJdwQvf8bT,4fUyndBmTsfMmJdwQvf8bT,0.0,46.08,0.014754408970475197,0.06873124837875366,0.009365684352815151,0.004570277873426676,0.00422996049746871,0.5765619277954102,0.029132157564163208,0.24828708171844482,0.0443672239780426
4fUyndBmTsfMmJdwQvf8bT,4fUyndBmTsfMmJdwQvf8bT,43.52,84.48,0.002527907956391573,0.5817699432373047,0.008105929009616375,0.0015412847278639674,0.004659653175622225,0.1270906925201416,0.027595577761530876,0.21019025146961212,0.03651881217956543
4fUyndBmTsfMmJdwQvf8bT,4fUyndBmTsfMmJdwQvf8bT,81.92,107.52000000000001,0.0008380732033401728,0.1740366667509079,0.0012586808297783136,0.0009132425184361637,0.001676139421761036,0.3166868984699249,0.06635835021734238,0.15967077016830444,0.27856117486953735
4fUyndBmTsfMmJdwQvf8bT,4fUyndBmTsfMmJdwQvf8bT,104.96,156.16,0.0021936423145234585,0.7013104557991028,0.003288736566901207,0.0035545018035918474,0.000836215796880424,0.03384977579116821,0.0069080074317753315,0.1090308353304863,0.13902784883975983
4fUyndBmTsfMmJdwQvf8bT,4fUyndBmTsfMmJdwQvf8bT,153.6,192.0,0.0038835243321955204,0.23994657397270203,0.01001781690865755,0.004171053413301706,0.00387598411180079,0.4297879636287689,0.021953385323286057,0.22813889384269714,0.05822480842471123
4fUyndBmTsfMmJdwQvf8bT,4fUyndBmTsfMmJdwQvf8bT,189.44,258.56,0.001346213510259986,0.8030561804771423,0.0026652878150343895,0.00017953933274839073,0.0009786493610590696,0.0395883247256279,0.016375068575143814,0.10754681378602982,0.028263885527849197
13gRCUJJfjfgzi3ikHODPI,13gRCUJJfjfgzi3ikHODPI,0.0,115.2,0.09398432075977325,0.13209842145442963,0.11297743767499924,0.11480045318603516,0.1588192582130432,0.15217112004756927,0.08023262768983841,0.07665189355611801,0.07826441526412964
0SUAICuuJQKoNwWM31Lx2T,0SUAICuuJQKoNwWM31Lx2T,0.0,61.44,0.15643322467803955,0.11560694873332977,0.023114632815122604,0.14580589532852173,0.046539369970560074,0.20523637533187866,0.03614841774106026,0.24230852723121643,0.028806600719690323
0SUAICuuJQKoNwWM31Lx2T,0SUAICuuJQKoNwWM31Lx2T,58.88,115.2,0.10526923835277557,0.025804584845900536,0.004917347338050604,0.06572891771793365,0.018108049407601357,0.12056108564138412,0.014637299813330173,0.6391086578369141,0.005864786449819803
0SUAICuuJQKoNwWM31Lx2T,0SUAICuuJQKoNwWM31Lx2T,112.64,168.96,0.12610000371932983,0.12756101787090302,0.01990656554698944,0.14870093762874603,0.03937762975692749,0.170010507106781,0.025188906118273735,0.2978244125843048,0.045329999178647995
0SUAICuuJQKoNwWM31Lx2T,0SUAICuuJQKoNwWM31Lx2T,166.4,245.76,0.04842068627476692,0.014511482790112495,0.0026955248322337866,0.04188007488846779,0.012870177626609802,0.07508759945631027,0.03331582248210907,0.7692643404006958,0.0019542486406862736
5mc6EyF1OIEOhAkD0Gg9Lc,5mc6EyF1OIEOhAkD0Gg9Lc,0.0,89.60000000000001,0.17741596698760986,0.08373147994279861,0.03703860193490982,0.10656982660293579,0.03952006250619888,0.06912259012460709,0.020071670413017273,0.44255828857421875,0.0239714365452528
5mc6EyF1OIEOhAkD0Gg9Lc,5mc6EyF1OIEOhAkD0Gg9Lc,87.04,153.6,0.005350619554519653,0.008535690605640411,0.0011136969551444054,0.004837190266698599,0.0009218491613864899,0.006391922943294048,0.0005933714564889669,0.9705382585525513,0.0017174344975501299
5mc6EyF1OIEOhAkD0Gg9Lc,5mc6EyF1OIEOhAkD0Gg9Lc,151.04,174.08,0.05254487693309784,0.2765369415283203,0.017812827602028847,0.11041644215583801,0.02611251175403595,0.1620422601699829,0.016280893236398697,0.31216755509376526,0.02608567476272583
5mc6EyF1OIEOhAkD0Gg9Lc,5mc6EyF1OIEOhAkD0Gg9Lc,171.52,207.36,0.014793976210057735,0.01200039777904749,0.004815788008272648,0.0209309384226799,0.0217397790402174,0.02605695277452469,0.007064229808747768,0.8887194395065308,0.0038784886710345745
5mc6EyF1OIEOhAkD0Gg9Lc,5mc6EyF1OIEOhAkD0Gg9Lc,204.8,232.96,0.04177346080541611,0.05297166109085083,0.011800906620919704,0.0297494288533926,0.1171027198433876,0.24600891768932343,0.019414100795984268,0.464158296585083,0.017020566388964653
5mc6EyF1OIEOhAkD0Gg9Lc,5mc6EyF1OIEOhAkD0Gg9Lc,230.4,325.12,0.02446231059730053,0.006018032319843769,0.00016868450620677322,0.0035836328752338886,0.0005861848476342857,0.004288473632186651,0.0006680221413262188,0.9596274495124817,0.0005972388898953795
5mc6EyF1OIEOhAkD0Gg9Lc,5mc6EyF1OIEOhAkD0Gg9Lc,322.56,353.28000000000003,0.6202026605606079,0.0025861344765871763,0.00028593980823643506,0.009008622728288174,0.05706288665533066,0.018440835177898407,0.005095159634947777,0.2855919599533081,0.0017257377039641142
5mc6EyF1OIEOhAkD0Gg9Lc,5mc6EyF1OIEOhAkD0Gg9Lc,350.72,371.2,0.07212507724761963,0.10668869316577911,0.06033870205283165,0.03516825661063194,0.20718804001808167,0.09559280425310135,0.04292402043938637,0.16902558505535126,0.21094883978366852
2Mv8In1IykWH5oLDc66PRC,2Mv8In1IykWH5oLDc66PRC,0.0,89.60000000000001,0.17741596698760986,0.08373147994279861,0.03703860193490982,0.10656982660293579,0.03952006250619888,0.06912259012460709,0.020071670413017273,0.44255828857421875,0.0239714365452528
2Mv8In1IykWH5oLDc66PRC,2Mv8In1IykWH5oLDc66PRC,87.04,153.6,0.005350619554519653,0.008535690605640411,0.0011136969551444054,0.004837190266698599,0.0009218491613864899,0.006391922943294048,0.0005933714564889669,0.9705382585525513,0.0017174344975501299
2Mv8In1IykWH5oLDc66PRC,2Mv8In1IykWH5oLDc66PRC,151.04,174.08,0.05254487693309784,0.2765369415283203,0.017812827602028847,0.11041644215583801,0.02611251175403595,0.1620422601699829,0.016280893236398697,0.31216755509376526,0.02608567476272583
2Mv8In1IykWH5oLDc66PRC,2Mv8In1IykWH5oLDc66PRC,171.52,207.36,0.014793976210057735,0.01200039777904749,0.004815788008272648,0.0209309384226799,0.0217397790402174,0.02605695277452469,0.007064229808747768,0.8887194395065308,0.0038784886710345745
2Mv8In1IykWH5oLDc66PRC,2Mv8In1IykWH5oLDc66PRC,204.8,232.96,0.04177346080541611,0.05297166109085083,0.011800906620919704,0.0297494288533926,0.1171027198433876,0.24600891768932343,0.019414100795984268,0.464158296585083,0.017020566388964653
2Mv8In1IykWH5oLDc66PRC,2Mv8In1IykWH5oLDc66PRC,230.4,325.12,0.02446231059730053,0.006018032319843769,0.00016868450620677322,0.0035836328752338886,0.0005861848476342857,0.004288473632186651,0.0006680221413262188,0.9596274495124817,0.0005972388898953795
2Mv8In1IykWH5oLDc66PRC,2Mv8In1IykWH5oLDc66PRC,322.56,353.28000000000003,0.6202026605606079,0.0025861344765871763,0.00028593980823643506,0.009008622728288174,0.05706288665533066,0.018440835177898407,0.005095159634947777,0.2855919599533081,0.0017257377039641142
2Mv8In1IykWH5oLDc66PRC,2Mv8In1IykWH5oLDc66PRC,350.72,371.2,0.07212507724761963,0.10668869316577911,0.06033870205283165,0.03516825661063194,0.20718804001808167,0.09559280425310135,0.04292402043938637,0.16902558505535126,0.21094883978366852
6Zj3YsYfj8YTY9aGMDnpn8,6Zj3YsYfj8YTY9aGMDnpn8,0.0,46.08,0.07581029087305069,0.19929638504981995,0.06726940721273422,0.1439453810453415,0.06645232439041138,0.1480853110551834,0.15030689537525177,0.10191591829061508,0.046918075531721115
6Zj3YsYfj8YTY9aGMDnpn8,6Zj3YsYfj8YTY9aGMDnpn8,43.52,94.72,0.013184420764446259,0.7626140713691711,0.013567798770964146,0.03881928697228432,0.02535073086619377,0.054238904267549515,0.03212054446339607,0.05055093765258789,0.009553303942084312
6Zj3YsYfj8YTY9aGMDnpn8,6Zj3YsYfj8YTY9aGMDnpn8,92.16,227.84,0.06497150659561157,0.22367948293685913,0.057545192539691925,0.15456628799438477,0.08681909739971161,0.16011613607406616,0.09798785299062729,0.10885336995124817,0.045461006462574005
7uv632EkfwYhXoqf8rhYrg,7uv632EkfwYhXoqf8rhYrg,0.0,23.040000000000003,0.10450146347284317,0.10113672912120819,0.08714339137077332,0.056592486798763275,0.1308331936597824,0.1737636923789978,0.03651329502463341,0.09791682660579681,0.21159888803958893
7uv632EkfwYhXoqf8rhYrg,7uv632EkfwYhXoqf8rhYrg,20.48,79.36,0.4466554522514343,0.057229138910770416,0.03638825938105583,0.159446582198143,0.09026923030614853,0.07033983618021011,0.04597637802362442,0.0572880357503891,0.036407098174095154
7uv632EkfwYhXoqf8rhYrg,7uv632EkfwYhXoqf8rhYrg,76.8,156.16,0.09811849892139435,0.10958132892847061,0.03716523200273514,0.018052218481898308,0.016406726092100143,0.21014836430549622,0.05118812620639801,0.057622943073511124,0.40171653032302856
7uv632EkfwYhXoqf8rhYrg,7uv632EkfwYhXoqf8rhYrg,153.6,291.84000000000003,0.12308202683925629,0.17551814019680023,0.05026077479124069,0.14363627135753632,0.07264674454927444,0.1848120093345642,0.06330395489931107,0.09491772949695587,0.09182228147983551
7uv632EkfwYhXoqf8rhYrg,7uv632EkfwYhXoqf8rhYrg,289.28,330.24,0.03138549253344536,0.4008290469646454,0.01821737177670002,0.02771184593439102,0.011740210466086864,0.20762379467487335,0.07495972514152527,0.18168137967586517,0.04585113748908043
7uv632EkfwYhXoqf8rhYrg,7uv632EkfwYhXoqf8rhYrg,327.68,381.44,0.37498384714126587,0.0708954781293869,0.09195555001497269,0.05764073133468628,0.133220836520195,0.10217396914958954,0.04655619338154793,0.06379459798336029,0.058778852224349976
2hzosckvm3EX3kSZacr9Bi,2hzosckvm3EX3kSZacr9Bi,0.0,23.040000000000003,0.10450146347284317,0.10113672912120819,0.08714339137077332,0.056592486798763275,0.1308331936597824,0.1737636923789978,0.03651329502463341,0.09791682660579681,0.21159888803958893
2hzosckvm3EX3kSZacr9Bi,2hzosckvm3EX3kSZacr9Bi,20.48,79.36,0.4466554522514343,0.057229138910770416,0.03638825938105583,0.159446582198143,0.09026923030614853,0.07033983618021011,0.04597637802362442,0.0572880357503891,0.036407098174095154
2hzosckvm3EX3kSZacr9Bi,2hzosckvm3EX3kSZacr9Bi,76.8,156.16,0.09811849892139435,0.10958132892847061,0.03716523200273514,0.018052218481898308,0.016406726092100143,0.21014836430549622,0.05118812620639801,0.057622943073511124,0.40171653032302856
2hzosckvm3EX3kSZacr9Bi,2hzosckvm3EX3kSZacr9Bi,153.6,291.84000000000003,0.12308202683925629,0.17551814019680023,0.05026077479124069,0.14363627135753632,0.07264674454927444,0.1848120093345642,0.06330395489931107,0.09491772949695587,0.09182228147983551
2hzosckvm3EX3kSZacr9Bi,2hzosckvm3EX3kSZacr9Bi,289.28,330.24,0.03138549253344536,0.4008290469646454,0.01821737177670002,0.02771184593439102,0.011740210466086864,0.20762379467487335,0.07495972514152527,0.18168137967586517,0.04585113748908043
2hzosckvm3EX3kSZacr9Bi,2hzosckvm3EX3kSZacr9Bi,327.68,381.44,0.37498384714126587,0.0708954781293869,0.09195555001497269,0.05764073133468628,0.133220836520195,0.10217396914958954,0.04655619338154793,0.06379459798336029,0.058778852224349976
5h5sJvkKdIfC4yjALOmPn7,5h5sJvkKdIfC4yjALOmPn7,0.0,61.44,0.09546671062707901,0.0901380404829979,0.04557055979967117,0.24544958770275116,0.03449281305074692,0.16862273216247559,0.054643817245960236,0.23164890706539154,0.03396681696176529
5h5sJvkKdIfC4yjALOmPn7,5h5sJvkKdIfC4yjALOmPn7,58.88,199.68,0.13144105672836304,0.046168748289346695,0.035816699266433716,0.12815596163272858,0.022790612652897835,0.09561338275671005,0.12248270958662033,0.39774322509765625,0.01978757604956627
2UHv6ccJEtPQOlDVRMoHj2,2UHv6ccJEtPQOlDVRMoHj2,0.0,186.88,0.03590438887476921,0.032007332891225815,0.028294095769524574,0.016030795872211456,0.038002997636795044,0.06267572194337845,0.004693339113146067,0.027549421414732933,0.7548418641090393
6LxYirZtoipJNh5eBl05gC,6LxYirZtoipJNh5eBl05gC,0.0,199.68,0.10131845623254776,0.11758342385292053,0.1522996723651886,0.09230773150920868,0.13929244875907898,0.08765124529600143,0.03949715569615364,0.12027142196893692,0.14977847039699554
6LxYirZtoipJNh5eBl05gC,6LxYirZtoipJNh5eBl05gC,197.12,389.12,0.013307037763297558,0.24513974785804749,0.1537935733795166,0.022869642823934555,0.07622697204351425,0.032441169023513794,0.017066171392798424,0.22949643433094025,0.20965920388698578
6LxYirZtoipJNh5eBl05gC,6LxYirZtoipJNh5eBl05gC,386.56,496.64,0.07312758266925812,0.10692275315523148,0.17010948061943054,0.08145767450332642,0.111727274954319,0.13491742312908173,0.042328618466854095,0.10149550437927246,0.17791366577148438
6LxYirZtoipJNh5eBl05gC,6LxYirZtoipJNh5eBl05gC,494.08,529.92,0.05379011109471321,0.03266017511487007,0.056219682097435,0.04384405165910721,0.07140715420246124,0.13819092512130737,0.02503734827041626,0.0727524608373642,0.5060980916023254
6LxYirZtoipJNh5eBl05gC,6LxYirZtoipJNh5eBl05gC,527.36,680.96,0.0954701229929924,0.15454958379268646,0.17575718462467194,0.11471220850944519,0.12772659957408905,0.06282102316617966,0.04082917794585228,0.1132112666964531,0.11492284387350082
6LxYirZtoipJNh5eBl05gC,6LxYirZtoipJNh5eBl05gC,678.4,706.5600000000001,0.014774210751056671,0.09874819219112396,0.040623947978019714,0.012643803842365742,0.03600488603115082,0.05256888270378113,0.007803700864315033,0.23902705311775208,0.4978053569793701
6LxYirZtoipJNh5eBl05gC,6LxYirZtoipJNh5eBl05gC,704.0,867.84,0.031357541680336,0.23060406744480133,0.17155568301677704,0.05083993077278137,0.09854456037282944,0.03921402618288994,0.024108871817588806,0.1975974589586258,0.15617789328098297
6LxYirZtoipJNh5eBl05gC,6LxYirZtoipJNh5eBl05gC,865.28,906.24,0.03511219099164009,0.033139001578092575,0.17278805375099182,0.00690396036952734,0.07749495655298233,0.10150449723005295,0.01707100123167038,0.5264005064964294,0.029585834592580795
6LxYirZtoipJNh5eBl05gC,6LxYirZtoipJNh5eBl05gC,903.68,926.72,0.08396393060684204,0.10635482519865036,0.11646110564470291,0.07271265983581543,0.2379315048456192,0.11199694871902466,0.03133203089237213,0.06228501349687576,0.17696192860603333
6LxYirZtoipJNh5eBl05gC,6LxYirZtoipJNh5eBl05gC,924.16,1000.96,0.04785297065973282,0.030416233465075493,0.08069397509098053,0.011963197030127048,0.03423158451914787,0.16127903759479523,0.020502431318163872,0.10394468158483505,0.509115993976593
6LxYirZtoipJNh5eBl05gC,6LxYirZtoipJNh5eBl05gC,998.4,1213.4399999999998,0.04209447279572487,0.20703816413879395,0.16534876823425293,0.07261661440134048,0.1353597193956375,0.04608114808797836,0.030107539147138596,0.15223433077335358,0.1491193026304245
3Pjr1PIVNldDaRtX0EsjFh,3Pjr1PIVNldDaRtX0EsjFh,0.0,58.879999999999995,0.05366457626223564,0.08903828263282776,0.08221418410539627,0.10723144561052322,0.09195620566606522,0.10792236775159836,0.03283084183931351,0.03712059557437897,0.39802151918411255
3Pjr1PIVNldDaRtX0EsjFh,3Pjr1PIVNldDaRtX0EsjFh,56.32,115.2,0.03198709711432457,0.24822841584682465,0.027862947434186935,0.11455922573804855,0.03214481845498085,0.10914888978004456,0.23515978455543518,0.036771900951862335,0.16413690149784088
3Pjr1PIVNldDaRtX0EsjFh,3Pjr1PIVNldDaRtX0EsjFh,112.64,199.68,0.017494067549705505,0.5910618901252747,0.02468804083764553,0.05552544817328453,0.03259088099002838,0.0664861649274826,0.08394787460565567,0.04082298278808594,0.08738259971141815
1A1ifX8sWzelNpkL5PxcHT,1A1ifX8sWzelNpkL5PxcHT,0.0,12.8,0.09960152208805084,0.019222566857933998,0.019253205507993698,0.022663533687591553,0.03164305537939072,0.03557009622454643,0.020164569839835167,0.04038281738758087,0.7114986777305603
1A1ifX8sWzelNpkL5PxcHT,1A1ifX8sWzelNpkL5PxcHT,10.24,33.28,0.20254367589950562,0.0073006837628781796,0.004809598904103041,0.016346856951713562,0.007074435241520405,0.02068815752863884,0.4558814764022827,0.2756842076778412,0.009670933708548546
1A1ifX8sWzelNpkL5PxcHT,1A1ifX8sWzelNpkL5PxcHT,30.72,148.48000000000002,0.06415523588657379,0.06115686148405075,0.0041436380706727505,0.018920360133051872,0.018671831116080284,0.006540497299283743,0.6824491024017334,0.09418163448572159,0.04978089779615402
3CTnb6QZHgJJS7WqwhP6M8,3CTnb6QZHgJJS7WqwhP6M8,0.0,163.84,0.15906400978565216,0.07853112369775772,0.06370600312948227,0.12854568660259247,0.05799832567572594,0.12172500044107437,0.12140071392059326,0.22660328447818756,0.04242579638957977
3CTnb6QZHgJJS7WqwhP6M8,3CTnb6QZHgJJS7WqwhP6M8,161.28,176.64000000000001,0.032921601086854935,0.005746006034314632,0.003600072581321001,0.05729365348815918,0.0007105562253855169,0.005656769964843988,0.18706534802913666,0.705441415309906,0.0015645325183868408
3CTnb6QZHgJJS7WqwhP6M8,3CTnb6QZHgJJS7WqwhP6M8,174.08,197.12,0.13699334859848022,0.01225944422185421,0.007087549660354853,0.04599573463201523,0.01125736627727747,0.016326526179909706,0.7416546940803528,0.02614830806851387,0.002276978688314557
3CTnb6QZHgJJS7WqwhP6M8,3CTnb6QZHgJJS7WqwhP6M8,194.56,261.12,0.24164187908172607,0.0886184498667717,0.0611722432076931,0.15417197346687317,0.08050097525119781,0.08361895382404327,0.16600988805294037,0.09134624153375626,0.03291941434144974
7mwIAamZoMFiYnhBgePpPn,7mwIAamZoMFiYnhBgePpPn,0.0,12.8,0.016685493290424347,0.46378350257873535,0.10559426993131638,0.05538354068994522,0.039482664316892624,0.025406163185834885,0.030170708894729614,0.06684471666812897,0.1966489553451538
7mwIAamZoMFiYnhBgePpPn,7mwIAamZoMFiYnhBgePpPn,10.24,192.0,0.036112941801548004,0.18203884363174438,0.05786316841840744,0.030093278735876083,0.018682364374399185,0.17653407156467438,0.02780662104487419,0.10262653976678848,0.36824217438697815
0z1o5L7HJx562xZSATcIpY,0z1o5L7HJx562xZSATcIpY,0.0,17.92,0.01212430652230978,0.0048420121893286705,0.05499778315424919,0.3187156021595001,0.06933043152093887,0.011665432713925838,0.15327167510986328,0.08749283105134964,0.28755995631217957
0z1o5L7HJx562xZSATcIpY,0z1o5L7HJx562xZSATcIpY,15.36,174.08,0.024537833407521248,0.10322387516498566,0.04375997185707092,0.05035538971424103,0.03306201100349426,0.16583552956581116,0.025324344635009766,0.11441238224506378,0.4394886791706085
0z1o5L7HJx562xZSATcIpY,0z1o5L7HJx562xZSATcIpY,171.52,238.08,0.02140446938574314,0.03950122371315956,0.029452567920088768,0.017246978357434273,0.04053247347474098,0.5333585143089294,0.07746608555316925,0.19040189683437347,0.05063580349087715
0z1o5L7HJx562xZSATcIpY,0z1o5L7HJx562xZSATcIpY,235.52,266.24,0.06125427782535553,0.007218136917799711,0.06537416577339172,0.002435284899547696,0.007675797212868929,0.1976596713066101,0.009440899826586246,0.2758757770061493,0.3730659484863281
2009X8GyWTqyxIdzAEYW6N,2009X8GyWTqyxIdzAEYW6N,0.0,56.32,0.05623822659254074,0.06038163974881172,0.019531436264514923,0.09123347699642181,0.007201706524938345,0.056850630789995193,0.017942752689123154,0.6809099316596985,0.009710179641842842
2009X8GyWTqyxIdzAEYW6N,2009X8GyWTqyxIdzAEYW6N,53.76,227.84,0.05532204359769821,0.11782411485910416,0.05770665034651756,0.17751161754131317,0.03011242300271988,0.1284501701593399,0.02778802253305912,0.37982413172721863,0.02546081878244877
28cnXtME493VX9NOw9cIUh,28cnXtME493VX9NOw9cIUh,0.0,227.84,0.04953547939658165,0.19807934761047363,0.10161981731653214,0.11302541941404343,0.1567794680595398,0.06191481649875641,0.09924940764904022,0.06094707176089287,0.15884920954704285
77AuoSrgXRwnecOPEtYICh,77AuoSrgXRwnecOPEtYICh,0.0,43.519999999999996,0.21204261481761932,0.016085388138890266,0.05221852660179138,0.06281424313783646,0.006262475159019232,0.1663990616798401,0.12697327136993408,0.12174824625253677,0.2354561686515808
77AuoSrgXRwnecOPEtYICh,77AuoSrgXRwnecOPEtYICh,40.96,79.36,0.013539633713662624,0.03171851485967636,0.06832944601774216,0.02679564245045185,0.00691418768838048,0.007756190840154886,0.04530622437596321,0.12817957997322083,0.6714605689048767
77AuoSrgXRwnecOPEtYICh,77AuoSrgXRwnecOPEtYICh,76.8,158.72,0.13423465192317963,0.047281406819820404,0.07946382462978363,0.012118609622120857,0.006657755468040705,0.10802017152309418,0.13043510913848877,0.16869211196899414,0.313096284866333
0zkHgbZkzl5XYDqgD9ulhe,0zkHgbZkzl5XYDqgD9ulhe,0.0,25.6,0.5708183646202087,0.03402334079146385,0.006816108711063862,0.04995959252119064,0.00735156424343586,0.016212038695812225,0.007768798153847456,0.2770804166793823,0.029969695955514908
0zkHgbZkzl5XYDqgD9ulhe,0zkHgbZkzl5XYDqgD9ulhe,23.04,107.52000000000001,0.0618528388440609,0.3819464147090912,0.017863942310214043,0.18071192502975464,0.025421682745218277,0.019023675471544266,0.07395677268505096,0.14051131904125214,0.09871137142181396
0zkHgbZkzl5XYDqgD9ulhe,0zkHgbZkzl5XYDqgD9ulhe,104.96,125.44,0.4366377890110016,0.06034580245614052,0.006331431679427624,0.07452908903360367,0.015149435959756374,0.014253667555749416,0.012357902713119984,0.3607195019721985,0.01967541314661503
0zkHgbZkzl5XYDqgD9ulhe,0zkHgbZkzl5XYDqgD9ulhe,122.88,179.20000000000002,0.06384381651878357,0.5579988360404968,0.013833309523761272,0.12609080970287323,0.01959521509706974,0.019305476918816566,0.040022820234298706,0.09457945823669434,0.064730204641819
0zkHgbZkzl5XYDqgD9ulhe,0zkHgbZkzl5XYDqgD9ulhe,176.64,215.04,0.1358143836259842,0.13712742924690247,0.009191508404910564,0.3703867793083191,0.00964001752436161,0.032806772738695145,0.09084521234035492,0.11943622678518295,0.09475169330835342
0zkHgbZkzl5XYDqgD9ulhe,0zkHgbZkzl5XYDqgD9ulhe,212.48,245.76,0.22539658844470978,0.05373711511492729,0.013391311280429363,0.031179262325167656,0.0042722891084849834,0.10430839657783508,0.02636234648525715,0.5078999996185303,0.03345276042819023
