spotifyid,DataSet,Wonder,Transcendence,Tenderness,Nostalgia,Peacefulness,Power,Joy,Tension,Sadness
4DX82Vc8qAH4jJPvKxvwg6,Music-Mouv,0.0,0.0,0.0,0.0,0.0,0.0,1.0,0.0,0.0
75qbtJ1b1xm59POD1aDS7A,Music-Mouv,0.0,0.0,0.0,0.0,0.0,0.0,0.0,1.0,0.0
19K3lUMJmOdeuOBTrbLm19,Music-Mouv,1.0,0.0,0.0,0.0,0.0,0.0,0.0,0.0,0.0
6HTJgY7iWWlVLSDHsfHePf,Music-Mouv,0.0,0.0,0.0,0.0,0.0,0.0,0.0,1.0,0.0
2XqW4lc8eFrUqPlPOH6gmI,Music-Mouv,0.0,0.0,0.0,0.0,0.0,0.0,0.0,1.0,0.0
761WKLuuoZgWTjYsM31ljA,Music-Mouv,0.0,0.0,0.0,0.0,0.0,0.0,1.0,0.0,0.0
5kLRBwykoqtVob6pJ9b75h,Music-Mouv,0.0,0.0,0.0,0.0,0.0,0.0,0.0,1.0,0.0
1FdU4oF88UOJwA9GYgognx,Music-Mouv,0.0,0.0,0.0,0.0,0.5,0.0,0.5,0.0,0.0
6b8Be6ljOzmkOmFslEb23P,Music-Mouv,0.0,0.0,0.0,0.0,0.0,0.0,0.0,1.0,0.0
3oBzgOBdpq4fhcHU4wnx8W,Music-Mouv,0.0,0.0,0.0,0.0,0.0,0.0,0.0,1.0,0.0
4sZbYvUTHJUmQ7mitmnbCd,Music-Mouv,0.0,0.0,0.0,0.0,0.0,0.0,1.0,0.0,0.0
1EFmmDe9dRgA31yc8MA1cb,Music-Mouv,0.0,0.0,0.0,0.0,0.0,0.0,0.0,1.0,0.0
0w6lsLBvhtGcqMYA7MB7r6,Music-Mouv,0.0,0.0,0.0,0.0,0.0,0.0,1.0,0.0,0.0
4CWcaGtaOyAqBDKIeZMUe0,Music-Mouv,0.0,0.0,0.0,0.0,0.0,0.0,1.0,0.0,0.0
5ygDXis42ncn6kYG14lEVG,Music-Mouv,0.5,0.0,0.0,0.0,0.0,0.0,0.0,0.5,0.0
5pRElcsPZrgZXkoON2o5Go,Music-Mouv,0.0,0.0,0.0,0.0,1.0,0.0,0.0,0.0,0.0
17tejn8Dt8IDKKRknPznPD,Music-Mouv,0.0,0.0,0.0,0.0,0.0,0.0,0.0,1.0,0.0
6LtiYg9rZXcqeonqFnGrQx,Music-Mouv,1.0,0.0,0.0,0.0,0.0,0.0,0.0,0.0,0.0
6KigD0mlF4VGDYiSEzAyYw,Music-Mouv,0.0,0.0,0.0,0.0,0.0,0.0,0.0,1.0,0.0
5JrEDriz04IUQnTviFEUKQ,Music-Mouv,0.5,0.0,0.0,0.0,0.0,0.0,0.5,0.0,0.0
5QzjOeD7eXFZpVVyVC7ls2,Music-Mouv,0.0,0.0,0.0,0.0,0.0,0.0,0.0,1.0,0.0
6lHf3IMVHRQ0em1wbGsTGB,Music-Mouv,1.0,0.0,0.0,0.0,0.0,0.0,0.0,0.0,0.0
41N22sExMGJ0kzHwya8AtZ,Music-Mouv,0.0,0.0,0.0,0.0,0.0,0.0,0.0,1.0,0.0
5YHsGUUAyoPDZ5eTEqdt1s,Music-Mouv,0.0,0.0,0.0,0.0,0.0,0.0,1.0,0.0,0.0
53rwYHTHFgGrKkSiqyAH7k,Music-Mouv,0.0,0.0,0.0,0.0,0.0,0.0,1.0,0.0,0.0
2SMNxADB0ffqaIoOwl2x06,Music-Mouv,0.0,0.0,0.0,0.0,0.0,0.0,0.0,1.0,0.0
4leY6qRRp1GGnv5gvMMYVr,Music-Mouv,0.0,0.0,0.0,0.0,0.0,0.0,0.0,1.0,0.0
3hlksXnvbKogFdPbpO9vel,Music-Mouv,0.0,0.0,0.0,0.0,0.0,0.0,0.0,1.0,0.0
2uEK8kZO6DxEqOoUgz7Bi9,Music-Mouv,0.0,0.0,0.0,0.0,0.0,0.0,1.0,0.0,0.0
6Ao6nHW7cPibIEOLytVUxn,Music-Mouv,0.0,0.0,0.0,0.0,0.0,0.0,1.0,0.0,0.0
6cryNSlBitzoR2Y5HROrii,Music-Mouv,0.0,0.0,0.0,0.0,0.0,0.0,0.0,1.0,0.0
5H6SZcjJzBNsB2VzKW2Ivd,Music-Mouv,0.0,0.0,0.0,0.0,0.0,0.0,1.0,0.0,0.0
2KH5oAL6cKVuY3KHIOuKgz,Music-Mouv,0.0,0.0,0.0,0.0,0.0,0.0,1.0,0.0,0.0
1HzDhHApjdjXPLHF6GGYhu,Music-Mouv,0.0,0.0,0.0,0.0,1.0,0.0,0.0,0.0,0.0
6iR2M235HS3BbB68MtRIbO,Music-Mouv,0.0,0.0,0.0,0.0,0.0,0.0,0.0,1.0,0.0
09CtPGIpYB4BrO8qb1RGsF,Music-Mouv,0.0,0.0,0.0,0.0,0.0,0.0,0.0,1.0,0.0
4kZbYkUuDHyphD71bPMYL1,Music-Mouv,0.0,0.0,0.0,1.0,0.0,0.0,0.0,0.0,0.0
5HerMpAegwiAAFOIXNCxED,Music-Mouv,0.0,0.0,0.0,0.0,0.0,0.0,0.0,1.0,0.0
6cFrujlrXPM4mm9ZCce50F,Music-Mouv,0.0,0.0,0.0,0.0,0.0,0.0,1.0,0.0,0.0
0yzjqS9Ya9tE0QAYizgpNe,Music-Mouv,0.0,0.0,0.0,0.0,1.0,0.0,0.0,0.0,0.0
6WpBbL2UkFz4QQNpQuG9qD,Music-Mouv,0.0,0.0,0.0,0.0,0.0,0.0,1.0,0.0,0.0
5OBptQtIlGOG94la7qil6c,Music-Mouv,0.0,0.0,0.0,0.0,0.0,0.0,1.0,0.0,0.0
0gmbgwZ8iqyMPmXefof8Yf,Music-Mouv,0.0,0.0,0.0,1.0,0.0,0.0,0.0,0.0,0.0
6JnFVmPyJvjnfBag0hhIFa,Music-Mouv,0.0,0.0,0.0,0.0,0.0,0.0,0.5,0.5,0.0
4diKCx2EUg4CGvDTyCan5H,Music-Mouv,0.5,0.0,0.0,0.0,0.0,0.0,0.5,0.0,0.0
1MjMpqiHCPQdPUdG44P2U4,Music-Mouv,1.0,0.0,0.0,0.0,0.0,0.0,0.0,0.0,0.0
62Pp6exz0ywSlBqvNqiY6Z,Music-Mouv,0.5,0.0,0.0,0.0,0.0,0.0,0.0,0.5,0.0
7HctR6dqgzdU9v3LYfDElj,Music-Mouv,0.0,0.0,0.0,0.0,0.0,0.0,1.0,0.0,0.0
3o8czqWldXDDZvZWAMw3Yw,Music-Mouv,0.0,0.0,0.0,0.0,0.0,0.0,0.5,0.5,0.0
3ZxeBONxtfBB7jerhauPpc,Music-Mouv,0.0,0.0,0.0,0.0,0.0,0.0,1.0,0.0,0.0
5ECfzSLi8W8yT8l2l4DkYS,Music-Mouv,0.0,0.0,0.0,0.0,0.0,0.0,1.0,0.0,0.0
6epn3r7S14KUqlReYr77hA,Music-Mouv,0.0,0.0,0.0,0.0,0.0,0.0,0.5,0.5,0.0
7ye2H4Sjn4Va8Fny4cDMnb,Music-Mouv,0.0,0.0,0.0,0.0,0.0,0.0,1.0,0.0,0.0
228BxWXUYQPJrJYHDLOHkj,Music-Mouv,0.0,0.0,0.0,0.0,0.0,0.0,1.0,0.0,0.0
1CAbKnexRqE6donA0Tyhrf,Music-Mouv,0.0,0.0,0.0,0.0,0.0,0.0,1.0,0.0,0.0
5HXaU3tsZrdWTqKVRToU43,Music-Mouv,0.0,0.0,0.0,0.0,0.0,0.0,1.0,0.0,0.0
4CtO2AMo76k5yAeD44EUPY,Music-Mouv,0.0,0.0,0.0,0.0,0.0,0.0,0.0,1.0,0.0
4oMyggIzClkOcCTvotFLkP,Music-Mouv,0.0,0.0,0.0,0.0,0.0,0.0,1.0,0.0,0.0
4Qt6fOWtoMdjQYtV5jztL2,Music-Mouv,0.0,0.0,0.0,0.0,0.0,0.0,1.0,0.0,0.0
3KyEkcINcNisbSDfFZqmaV,Music-Mouv,0.0,0.0,0.0,0.0,0.0,0.0,1.0,0.0,0.0
2lIBT5vhgGXKMUoCFeFJvZ,Music-Mouv,0.0,0.0,0.0,0.0,0.0,0.0,0.5,0.5,0.0
0HKNlsZ0zFlSqUqWj1nVVG,Music-Mouv,0.0,0.0,0.0,1.0,0.0,0.0,0.0,0.0,0.0
16mEAOIriJH4aIJW8OiZkD,Music-Mouv,0.5,0.0,0.0,0.0,0.0,0.0,0.5,0.0,0.0
51GMvFIatytE5bvlDLx4ju,Music-Mouv,0.0,0.0,0.0,0.0,0.0,0.0,0.5,0.5,0.0
1Vf09Cxf2jqSkU6sfueYAq,Music-Mouv,0.0,0.0,0.0,0.5,0.0,0.0,0.5,0.0,0.0
37DnQQzvedZUOhtjEEaHQT,Music-Mouv,0.0,0.0,0.0,0.0,0.0,0.0,1.0,0.0,0.0
6mkBPrs5D4lyHRKYzHHA50,Music-Mouv,0.0,0.0,0.0,0.0,0.5,0.0,0.0,0.5,0.0
57bgtoPSgt236HzfBOd8kj,Music-Mouv,0.0,0.0,0.5,0.0,0.0,0.0,0.0,0.5,0.0
1etiUDkISHELzQGMY79ryt,Music-Mouv,0.3333333333333333,0.0,0.0,0.0,0.3333333333333333,0.0,0.0,0.3333333333333333,0.0
0UFDKFqW2oGspYeYqo9wjA,Music-Mouv,0.0,0.0,0.0,0.0,0.0,0.0,1.0,0.0,0.0
7CXmNtoDEik3cfe9DghQHG,Music-Mouv,0.0,0.0,0.0,0.0,0.0,0.0,0.0,1.0,0.0
5CbCgXCMti2YOgcisqmdWC,Music-Mouv,1.0,0.0,0.0,0.0,0.0,0.0,0.0,0.0,0.0
4jrMslkQYy6HVqKKPX2WXf,Music-Mouv,0.0,0.0,0.0,1.0,0.0,0.0,0.0,0.0,0.0
6WFo74afaWutWhjwtlz4Ki,Music-Mouv,0.0,0.0,0.0,0.0,0.0,0.0,1.0,0.0,0.0
3kHDkEajJ4G02y2U6Xf0fm,Music-Mouv,0.0,0.0,0.0,0.0,0.0,0.0,0.0,1.0,0.0
332cZrFqQCo1u7jixKukF2,Music-Mouv,0.0,0.0,0.0,0.0,0.0,0.0,1.0,0.0,0.0
2kUKeN9ZpYHqfBjB8Gphb2,Music-Mouv,0.0,0.0,0.0,0.0,0.0,0.0,0.0,1.0,0.0
6MTuYHLWVgs25adPBzg5X6,Music-Mouv,0.0,0.0,0.0,0.0,0.0,0.0,0.0,1.0,0.0
0HqZX76SFLDz2aW8aiqi7G,Music-Mouv,0.0,0.0,0.0,0.0,0.0,0.0,1.0,0.0,0.0
7bp3zmEvpHLa0h32nhDUkB,Music-Mouv,0.0,0.0,0.0,0.0,0.0,0.0,0.0,1.0,0.0
4oPa1RJ2FrPwEcbnBhEtPQ,Music-Mouv,0.0,0.0,0.0,0.0,0.0,0.0,0.0,1.0,0.0
3aQem4jVGdhtg116TmJnHz,Music-Mouv,0.0,0.0,0.0,0.0,0.0,0.0,0.0,1.0,0.0
4h9wh7iOZ0GGn8QVp4RAOB,Music-Mouv,0.0,0.0,0.0,0.0,0.0,0.0,1.0,0.0,0.0
1OSSwdPGbRPm6PkugpOQhP,Music-Mouv,0.0,0.0,0.0,0.0,1.0,0.0,0.0,0.0,0.0
6FrW2Rm1BUHEL29joWJCLo,Music-Mouv,0.0,0.0,0.0,0.0,0.0,0.0,1.0,0.0,0.0
6mICuAdrwEjh6Y6lroV2Kg,Music-Mouv,0.0,0.0,0.0,0.0,0.0,0.0,0.0,1.0,0.0
1mea3bSkSGXuIRvnydlB5b,Music-Mouv,0.0,0.0,0.0,0.0,0.0,0.0,1.0,0.0,0.0
7mt5dPjDkTJibqv1apN37A,Music-Mouv,0.0,0.0,0.0,0.0,0.0,0.0,0.0,1.0,0.0
7e89621JPkKaeDSTQ3avtg,Music-Mouv,0.0,0.0,0.0,0.0,0.0,0.0,1.0,0.0,0.0
2QpUWi6VSNOt2WyH5FIeLD,Music-Mouv,0.0,0.0,0.0,0.0,0.0,0.0,0.0,1.0,0.0
6kasGUkeJa8Azyvl2zW9Ur,Music-Mouv,0.0,0.0,0.0,0.0,0.0,0.0,1.0,0.0,0.0
7MJQ9Nfxzh8LPZ9e9u68Fq,Music-Mouv,0.0,0.0,0.0,0.0,0.0,0.0,1.0,0.0,0.0
6m1TWFMeon7ai9XLOzdbiR,Music-Mouv,0.0,0.0,0.0,0.0,0.0,0.0,0.0,1.0,0.0
6ocbgoVGwYJhOv1GgI9NsF,Music-Mouv,0.0,0.0,0.0,0.0,0.0,0.0,0.0,1.0,0.0
36CBgM1zHMkAbi1P4bC9AE,Music-Mouv,0.0,0.0,0.0,0.0,1.0,0.0,0.0,0.0,0.0
73V8Goi8gRq2zwUkyWo8XE,Music-Mouv,0.0,0.0,0.0,0.0,0.0,0.0,0.0,1.0,0.0
6kFKyM6lv22Q3KJaIopkIe,Music-Mouv,0.0,0.0,0.0,0.0,0.0,0.0,1.0,0.0,0.0
3sJrYXBaNIzUG1rUsarigP,Music-Mouv,0.0,0.0,0.0,0.0,0.0,0.0,1.0,0.0,0.0
7sKDftgGirHWTVFMtJoDoh,Music-Mouv,0.0,0.0,0.0,0.0,0.0,0.0,0.0,1.0,0.0
2HD5BWFthrNf2uFyEhi53d,Music-Mouv,1.0,0.0,0.0,0.0,0.0,0.0,0.0,0.0,0.0
4DmImFE1FJ2h6SjFkiqS5g,Music-Mouv,0.0,0.0,0.0,0.0,0.0,0.0,0.0,1.0,0.0
2ICdvchXmDh5mdLyyL2opB,Music-Mouv,0.0,0.0,0.0,0.0,0.0,0.0,0.0,1.0,0.0
06jSEWSPjIowiquOM7Q1L8,Music-Mouv,0.0,0.0,0.0,0.0,0.0,0.0,1.0,0.0,0.0
1r35X2XHPsksJ9aAbZPaO1,Music-Mouv,0.0,0.0,0.0,0.0,0.0,0.0,1.0,0.0,0.0
5CPXR6lDTvngxtmMZxnWmC,Music-Mouv,0.0,0.0,0.0,0.0,0.0,0.0,1.0,0.0,0.0
60udb73Xe8KJ7IzBhn3ptV,Music-Mouv,0.0,0.0,0.0,0.0,0.0,0.0,0.0,1.0,0.0
0bv5vUJCvXM9G0cbjeikyY,Music-Mouv,1.0,0.0,0.0,0.0,0.0,0.0,0.0,0.0,0.0
1zM2dzrpBC2y3PxARrCUwJ,Music-Mouv,0.0,0.0,0.0,0.0,0.0,0.0,0.0,1.0,0.0
1xiBH94p5CA6MYqKbA7MgT,Music-Mouv,0.0,0.0,0.0,0.0,1.0,0.0,0.0,0.0,0.0
3iOessvbLqaBZdCUkUw2uy,Music-Mouv,0.0,0.0,0.0,0.0,0.0,0.0,0.0,1.0,0.0
2Az30cWGwvOHpsI0eMSwTQ,Music-Mouv,0.0,0.0,0.0,0.0,0.0,0.0,1.0,0.0,0.0
7EUSByOz1UUx78lLDxfxRQ,Music-Mouv,1.0,0.0,0.0,0.0,0.0,0.0,0.0,0.0,0.0
3kg2Mpbpao0bUGHxtKDMCK,Music-Mouv,0.0,0.0,0.0,0.0,1.0,0.0,0.0,0.0,0.0
3v6ClatJ2nG0TIpfL3HwY1,Music-Mouv,0.0,0.0,0.0,0.0,1.0,0.0,0.0,0.0,0.0
205HNJ73cgpC0LAOnuQiWT,Music-Mouv,0.0,0.0,0.0,0.0,0.0,0.0,0.5,0.5,0.0
7mrxyr7hNwU2aq56Jr735W,Music-Mouv,0.0,0.0,0.0,0.0,0.0,0.0,0.0,1.0,0.0
6HZILIRieu8S0iqY8kIKhj,Music-Mouv,1.0,0.0,0.0,0.0,0.0,0.0,0.0,0.0,0.0
4npOigvIBuT6ui5gwjGdhf,Music-Mouv,0.0,0.0,0.0,0.0,0.0,0.0,0.0,1.0,0.0
0ah6qyhi2jlBP6D7JLxZrt,Music-Mouv,1.0,0.0,0.0,0.0,0.0,0.0,0.0,0.0,0.0
6NEoeBLQbOMw92qMeLfI40,Music-Mouv,0.0,0.0,0.0,0.0,0.0,0.0,0.0,1.0,0.0
3JuVcIgT9s0uvbmuQCyClB,Music-Mouv,0.0,0.0,0.0,0.0,0.0,0.0,0.0,1.0,0.0
0Wr98MVkENZXddiLB3bPb0,Music-Mouv,0.0,0.0,0.0,0.0,0.0,0.0,0.0,1.0,0.0
7iTwZ8bxJRgX6HfkVdDa2D,Music-Mouv,0.0,0.0,0.0,0.0,0.0,0.0,1.0,0.0,0.0
73ik3a517Lz2W7eLWejapJ,Music-Mouv,0.0,0.0,0.0,0.0,0.0,0.0,1.0,0.0,0.0
414J8tKHbtF16XOiHGBEso,Music-Mouv,1.0,0.0,0.0,0.0,0.0,0.0,0.0,0.0,0.0
7qiZfU4dY1lWllzX7mPBI3,Music-Mouv,0.0,0.0,0.0,0.0,0.0,0.0,0.0,1.0,0.0
0bSDmsm7ojCzxcFVrVXFye,Music-Mouv,1.0,0.0,0.0,0.0,0.0,0.0,0.0,0.0,0.0
6IAc8O7MiS2lJiTabpjC7S,Music-Mouv,1.0,0.0,0.0,0.0,0.0,0.0,0.0,0.0,0.0
2e9Sa881KIjKK0y86iNZ6C,Music-Mouv,0.0,0.0,0.0,0.0,0.0,0.0,0.0,1.0,0.0
02d1E4NRuh7OEQO4vCb9PD,Music-Mouv,1.0,0.0,0.0,0.0,0.0,0.0,0.0,0.0,0.0
03y045SZqaC94yfXl1cU4E,Music-Mouv,0.0,0.0,0.0,0.0,0.0,0.0,0.0,1.0,0.0
7BlRb7kBQxl2qxQBq6JBSB,Music-Mouv,0.0,1.0,0.0,0.0,0.0,0.0,0.0,0.0,0.0
4Yrv2ZSIyF9NqNDkHcBZBW,Music-Mouv,0.0,0.0,0.0,0.0,0.0,0.0,1.0,0.0,0.0
6cPyTS0Kk2sc4xQwC93kOg,Music-Mouv,0.0,1.0,0.0,0.0,0.0,0.0,0.0,0.0,0.0
4g0kyRLFKBYFxDF1vCxj8v,Music-Mouv,0.0,0.0,0.0,0.0,0.0,0.0,1.0,0.0,0.0
3xf9GbVqLnDgL2x0xztcTV,Music-Mouv,0.0,0.0,0.0,0.0,0.0,0.0,0.0,1.0,0.0
4EFb9FhLyFiDbYKwBwDZre,Music-Mouv,0.0,0.0,0.0,0.0,0.0,0.0,1.0,0.0,0.0
64OgeRsJxn4p3Ed9khDFA9,Music-Mouv,1.0,0.0,0.0,0.0,0.0,0.0,0.0,0.0,0.0
288dVpSCtcRn5nveawFJTj,Music-Mouv,0.0,0.0,0.0,0.0,0.0,0.0,0.0,1.0,0.0
4aGUHPTULXRB0udBu1w38A,Music-Mouv,0.0,0.0,0.0,0.0,1.0,0.0,0.0,0.0,0.0
1MTQHCpraD4S8g5PAFKzoj,Music-Mouv,0.0,0.0,0.0,0.0,1.0,0.0,0.0,0.0,0.0
4yy7qdzDVe8zpGtHJxycBt,Music-Mouv,0.0,0.0,0.0,0.0,1.0,0.0,0.0,0.0,0.0
3ZF9W9EJ5NkqbxH6sjvEoJ,Music-Mouv,0.0,0.0,0.0,0.0,0.0,0.0,1.0,0.0,0.0
6bVB2MGR7LcotAIB1vfpw6,Music-Mouv,0.0,0.0,0.0,0.0,0.0,0.0,1.0,0.0,0.0
2HVCLZ6dMDelXhloO5sAjV,Music-Mouv,0.0,0.0,0.0,0.0,0.0,0.0,1.0,0.0,0.0
3wfQEIvOfeVkXgGZogK3gL,Music-Mouv,0.0,0.0,0.0,0.0,0.0,0.0,1.0,0.0,0.0
3UrDYCWfY6fTsiA63NNL27,Music-Mouv,0.0,0.0,0.0,0.0,0.0,0.0,1.0,0.0,0.0
0gMywbX34eJ7W8RW7i2Qo3,Music-Mouv,0.0,0.0,0.0,0.0,0.0,0.0,0.0,1.0,0.0
7dQd7DE1UbB179Fnr9kS1l,Music-Mouv,0.0,0.0,0.0,0.0,0.0,0.0,1.0,0.0,0.0
2jffEzKCBXUGUx60BeTt7Z,Music-Mouv,1.0,0.0,0.0,0.0,0.0,0.0,0.0,0.0,0.0
6Tio0ZoDeSQnI7EBAqWer2,Music-Mouv,0.0,0.0,0.0,0.0,0.0,0.0,1.0,0.0,0.0
58PwCUkHNkODqp2tCehNSP,Music-Mouv,0.0,0.0,0.0,0.0,0.0,0.0,0.0,1.0,0.0
6RXHipTclQenO0vKFeGZYi,Music-Mouv,0.0,0.0,0.0,0.0,0.0,0.0,1.0,0.0,0.0
07qlsG6DYRLBbovwca9Vbr,Music-Mouv,1.0,0.0,0.0,0.0,0.0,0.0,0.0,0.0,0.0
76yv2Tw0YoHamH32IsIip8,Music-Mouv,0.0,0.0,0.0,0.0,0.0,0.0,0.0,1.0,0.0
68fTgSHZ3vAdpFx0pcfMer,Music-Mouv,0.0,0.0,0.0,0.0,0.0,0.0,1.0,0.0,0.0
5cqLFudVQryezmVFmmyRJN,Music-Mouv,0.0,0.0,0.0,0.0,0.0,0.0,0.0,1.0,0.0
28XVkwY5IaEmQ9gl48cFtc,Music-Mouv,0.0,0.0,0.0,0.0,0.0,0.0,1.0,0.0,0.0
4TP2Sr5pN3N22t0DRoC3XQ,Music-Mouv,0.0,0.0,0.0,0.0,0.0,0.0,1.0,0.0,0.0
6yeRgCv8nriUNCK7PDaBBi,Music-Mouv,0.0,0.0,0.0,0.0,0.0,0.0,1.0,0.0,0.0
3OYZWMm5m2DEwq2Tc1ukTh,Music-Mouv,0.0,0.0,0.0,0.0,1.0,0.0,0.0,0.0,0.0
465QB2MGS6q6rDOpaS2e6q,Music-Mouv,0.0,0.0,0.0,0.0,0.0,0.0,0.0,1.0,0.0
2QjOHCTQ1Jl3zawyYOpxh6,Music-Mouv,0.0,0.0,0.0,0.0,0.0,0.0,1.0,0.0,0.0
3f57KXCQHZrAl1LSPeggqV,Music-Mouv,1.0,0.0,0.0,0.0,0.0,0.0,0.0,0.0,0.0
3McVJ4pdwNMP4RJtsJAogG,Music-Mouv,0.0,0.0,0.0,0.0,1.0,0.0,0.0,0.0,0.0
00h6syYCxPKVsInPHXhdZ1,Music-Mouv,0.0,0.0,0.0,0.0,0.0,0.0,0.0,0.0,1.0
0SKNkEMV313mE6oYsgVCgm,Music-Mouv,0.0,0.0,0.0,0.0,0.0,0.0,0.0,1.0,0.0
6FgoXztd4u1QXyKzNaeGd4,Music-Mouv,0.0,0.0,0.0,1.0,0.0,0.0,0.0,0.0,0.0
7vLSr5xZgifxkAle3HrLdr,Music-Mouv,0.0,0.0,0.0,0.0,0.0,0.0,1.0,0.0,0.0
0BfgFi5DedehpKzMJrqABI,Music-Mouv,1.0,0.0,0.0,0.0,0.0,0.0,0.0,0.0,0.0
3PbKYLgXyZc3yZJBOS1nVn,Music-Mouv,0.0,1.0,0.0,0.0,0.0,0.0,0.0,0.0,0.0
1jO4l4FhDK46ccYxBlSf4h,Music-Mouv,0.0,0.0,0.0,0.0,0.0,0.0,1.0,0.0,0.0
3XPQbWNieauipBXvJCToeI,Music-Mouv,0.0,0.0,0.0,0.0,0.0,0.0,1.0,0.0,0.0
2Xmngyu2TzYsxnleGTHq1D,Music-Mouv,0.0,0.0,0.0,0.0,0.0,0.0,0.0,1.0,0.0
6qlpXtA29VcxCNgLWR5IWx,Music-Mouv,0.0,0.0,0.0,0.0,0.0,0.0,0.0,1.0,0.0
7mZ9gL6I7v15YPoP82Hvov,Music-Mouv,0.0,0.0,0.0,0.0,0.0,0.0,1.0,0.0,0.0
3QZ7uX97s82HFYSmQUAN1D,Music-Mouv,0.0,0.0,0.0,0.0,0.0,0.0,1.0,0.0,0.0
05SBRd4fXgn8FX7bf8BCAE,MuVi,0.0714285714285714,0.0238095238095238,0.1666666666666666,0.119047619047619,0.1428571428571428,0.1666666666666666,0.1666666666666666,0.0714285714285714,0.0714285714285714
03UrZgTINDqvnUMbbIMhql,MuVi,0.1111111111111111,0.0185185185185185,0.0555555555555555,0.0925925925925925,0.0555555555555555,0.2222222222222222,0.1481481481481481,0.1666666666666667,0.1296296296296296
0n4bITAu0Y0nigrz3MFJMb,MuVi,0.1066666666666666,0.1866666666666666,0.0533333333333333,0.0266666666666666,0.04,0.2133333333333333,0.08,0.1599999999999999,0.1333333333333333
3bC1ahPIYt1btJzSSEyyrF,MuVi,0.1196581196581196,0.0512820512820512,0.1367521367521367,0.1709401709401709,0.0769230769230769,0.1367521367521367,0.1538461538461538,0.0854700854700854,0.0683760683760683
6YUTL4dYpB9xZO5qExPf05,MuVi,0.0253164556962025,0.050632911392405,0.1265822784810126,0.1012658227848101,0.1139240506329114,0.1772151898734177,0.2531645569620253,0.050632911392405,0.1012658227848101
3hlksXnvbKogFdPbpO9vel,MuVi,0.1372549019607843,0.0392156862745098,0.0588235294117647,0.0588235294117647,0.0,0.3137254901960785,0.2941176470588235,0.0,0.0980392156862745
7MmG8p0F9N3C4AXdK6o6Eb,MuVi,0.0659340659340659,0.1098901098901098,0.0439560439560439,0.1318681318681318,0.0989010989010989,0.1978021978021978,0.1758241758241758,0.1318681318681318,0.0439560439560439
0COqiPhxzoWICwFCS4eZcp,MuVi,0.0476190476190476,0.119047619047619,0.0238095238095238,0.1428571428571428,0.0714285714285714,0.2380952380952381,0.1666666666666666,0.119047619047619,0.0714285714285714
3avYqdwHKEq8beXbeWCKqJ,MuVi,0.0277777777777777,0.0833333333333333,0.0555555555555555,0.3055555555555556,0.0833333333333333,0.0277777777777777,0.1666666666666666,0.1388888888888888,0.1111111111111111
5vL0yvddknhGj7IrBc6UTj,MuVi,0.1176470588235294,0.0705882352941176,0.0705882352941176,0.1176470588235294,0.0352941176470588,0.1647058823529411,0.1647058823529411,0.1647058823529411,0.0941176470588235
3goSVuTt3fDYDP6kRnFwuL,MuVi,0.0833333333333333,0.0555555555555555,0.0555555555555555,0.1111111111111111,0.0,0.3055555555555556,0.1666666666666666,0.0833333333333333,0.1388888888888888
7795WJLVKJoAyVoOtCWqXN,MuVi,0.135593220338983,0.0508474576271186,0.0677966101694915,0.135593220338983,0.0,0.2542372881355932,0.1186440677966101,0.135593220338983,0.1016949152542373
561jH07mF1jHuk7KlaeF0s,MuVi,0.1132075471698113,0.0754716981132075,0.0754716981132075,0.1886792452830188,0.1132075471698113,0.1886792452830188,0.1320754716981132,0.0377358490566037,0.0754716981132075
3TGRqZ0a2l1LRblBkJoaDx,MuVi,0.1415929203539823,0.0884955752212389,0.0707964601769911,0.1946902654867257,0.079646017699115,0.1238938053097345,0.0884955752212389,0.0707964601769911,0.1415929203539823
4lhqb6JvbHId48OUJGwymk,MuVi,0.0784313725490196,0.0392156862745098,0.0784313725490196,0.0980392156862745,0.0588235294117647,0.1764705882352941,0.196078431372549,0.1372549019607843,0.1372549019607843
6F5c58TMEs1byxUstkzVeM,MuVi,0.1860465116279069,0.0465116279069767,0.0465116279069767,0.1162790697674418,0.0697674418604651,0.2790697674418604,0.0930232558139534,0.0930232558139534,0.0697674418604651
2xnoPV3NLescauc0ZJ1MDZ,MuVi,0.1176470588235294,0.0588235294117647,0.1372549019607843,0.1372549019607843,0.1176470588235294,0.1372549019607843,0.1568627450980392,0.0588235294117647,0.0784313725490196
6epn3r7S14KUqlReYr77hA,MuVi,0.1025641025641025,0.0512820512820512,0.0512820512820512,0.0769230769230769,0.0,0.2051282051282051,0.2051282051282051,0.1282051282051282,0.1794871794871795
2HHtWyy5CgaQbC7XSoOb0e,MuVi,0.1216216216216216,0.054054054054054,0.1351351351351351,0.1756756756756756,0.1216216216216216,0.1486486486486486,0.081081081081081,0.0675675675675675,0.0945945945945945
5Me1gCGtrfEJvkpqoX43HK,MuVi,0.1136363636363636,0.0454545454545454,0.0454545454545454,0.1590909090909091,0.0681818181818181,0.2727272727272727,0.1363636363636363,0.1136363636363636,0.0454545454545454
1mea3bSkSGXuIRvnydlB5b,MuVi,0.1395348837209302,0.0930232558139534,0.0232558139534883,0.2093023255813953,0.0,0.1395348837209302,0.1395348837209302,0.1395348837209302,0.1162790697674418
3ovjw5HZZv43SxTwApooCM,MuVi,0.0606060606060606,0.0808080808080808,0.1414141414141414,0.1818181818181818,0.0909090909090909,0.202020202020202,0.101010101010101,0.0606060606060606,0.0808080808080808
72jCZdH0Lhg93z6Z4hBjgj,MuVi,0.1206896551724137,0.1206896551724137,0.0172413793103448,0.1034482758620689,0.0517241379310344,0.2241379310344827,0.1034482758620689,0.1724137931034483,0.0862068965517241
0FDzzruyVECATHXKHFs9eJ,MuVi,0.1,0.0833333333333333,0.0833333333333333,0.1333333333333333,0.05,0.2666666666666666,0.1666666666666666,0.0833333333333333,0.0333333333333333
4JehYebiI9JE8sR8MisGVb,MuVi,0.1176470588235294,0.0784313725490196,0.0392156862745098,0.0980392156862745,0.0588235294117647,0.2156862745098039,0.1568627450980392,0.0980392156862745,0.1372549019607843
2FRnf9qhLbvw8fu4IBXx78,MuVi,0.0793650793650793,0.0793650793650793,0.0634920634920634,0.2222222222222222,0.0476190476190476,0.1746031746031746,0.1111111111111111,0.1587301587301587,0.0634920634920634
7Ie9W94M7OjPoZVV216Xus,MuVi,0.134453781512605,0.0336134453781512,0.1008403361344537,0.0840336134453781,0.0252100840336134,0.2521008403361344,0.2521008403361345,0.0840336134453781,0.0336134453781512
7o1Pm9jpH0wFpN5g793Lnq,MuVi,0.088235294117647,0.0441176470588235,0.0735294117647058,0.2499999999999999,0.0441176470588235,0.2205882352941176,0.1176470588235294,0.1176470588235294,0.0441176470588235
3YRCqOhFifThpSRFJ1VWFM,MuVi,0.0495867768595041,0.0661157024793388,0.1322314049586777,0.165289256198347,0.1239669421487603,0.1652892561983471,0.165289256198347,0.0661157024793388,0.0661157024793388
0ARK753YaiJbpLUk7z5yIM,MuVi,0.0952380952380952,0.0714285714285714,0.0476190476190476,0.1666666666666666,0.0,0.2619047619047619,0.1666666666666666,0.0952380952380952,0.0952380952380952
7BqBn9nzAq8spo5e7cZ0dJ,MuVi,0.1562499999999999,0.0312499999999999,0.0156249999999999,0.0468749999999999,0.0,0.34375,0.21875,0.171875,0.0156249999999999
1c8gk2PeTE04A1pIDH9YMk,MuVi,0.0547945205479452,0.0821917808219178,0.0821917808219178,0.1095890410958904,0.0410958904109589,0.136986301369863,0.1917808219178082,0.1095890410958904,0.1917808219178082
1JSTJqkT5qHq8MDJnJbRE1,MuVi,0.1732283464566929,0.0629921259842519,0.0944881889763779,0.1417322834645669,0.0236220472440944,0.1889763779527559,0.1259842519685039,0.0944881889763779,0.0944881889763779
5YqltLsjdqFtvqE7Nrysvs,MuVi,0.0535714285714285,0.0535714285714285,0.0714285714285714,0.0714285714285714,0.0535714285714285,0.2142857142857142,0.0892857142857142,0.1964285714285714,0.1964285714285714
6qn9YLKt13AGvpq9jfO8py,MuVi,0.0655737704918032,0.0655737704918032,0.1475409836065573,0.1311475409836065,0.0983606557377049,0.180327868852459,0.1311475409836065,0.081967213114754,0.0983606557377049
6RtPijgfPKROxEzTHNRiDp,MuVi,0.0459770114942528,0.0689655172413793,0.0919540229885057,0.2298850574712644,0.1034482758620689,0.1379310344827586,0.1149425287356321,0.0919540229885057,0.1149425287356321
45hOioMDJktr86iKDHC8gr,MuVi,0.0625,0.0,0.0,0.15625,0.0,0.375,0.2187499999999999,0.125,0.0625
2bL2gyO6kBdLkNSkxXNh6x,MuVi,0.2147651006711409,0.0536912751677852,0.0805369127516778,0.1610738255033557,0.1006711409395973,0.174496644295302,0.1342281879194631,0.0536912751677852,0.0268456375838926
4wCmqSrbyCgxEXROQE6vtV,MuVi,0.0714285714285714,0.0952380952380952,0.0714285714285714,0.1428571428571428,0.0,0.2619047619047619,0.2857142857142857,0.0476190476190476,0.0238095238095238
4cluDES4hQEUhmXj6TXkSo,MuVi,0.0895522388059701,0.0298507462686567,0.1343283582089552,0.1194029850746268,0.0895522388059701,0.0895522388059701,0.1194029850746268,0.1641791044776119,0.1641791044776119
75JFxkI2RXiU7L9VXzMkle,MuVi,0.110091743119266,0.073394495412844,0.1284403669724771,0.110091743119266,0.0825688073394495,0.1651376146788991,0.073394495412844,0.110091743119266,0.146788990825688
6lanRgr6wXibZr8KgzXxBl,MuVi,0.0697674418604651,0.1162790697674418,0.0232558139534883,0.0930232558139534,0.0,0.2790697674418604,0.3023255813953488,0.1162790697674418,0.0
2s1sdSqGcKxpPr5lCl7jAV,MuVi,0.0439560439560439,0.0879120879120879,0.0439560439560439,0.0879120879120879,0.0329670329670329,0.2637362637362637,0.1978021978021978,0.1978021978021978,0.0439560439560439
36ux3YuUsGTWPT8fXclS45,MuVi,0.1964285714285714,0.0357142857142857,0.125,0.2321428571428571,0.0535714285714285,0.1785714285714285,0.1071428571428571,0.0357142857142857,0.0357142857142857
1EzrEOXmMH3G43AXT1y7pA,MuVi,0.1684210526315789,0.1052631578947368,0.0842105263157894,0.1052631578947368,0.031578947368421,0.1894736842105263,0.0842105263157894,0.1684210526315789,0.0631578947368421
2y4lAQpi5VTNLu2ldeTdUH,MuVi,0.1495327102803738,0.0373831775700934,0.0934579439252336,0.1308411214953271,0.02803738317757,0.2242990654205607,0.1308411214953271,0.1308411214953271,0.0747663551401869
1y4eb6hmAvsqlDOl3fx9kk,MuVi,0.1219512195121951,0.073170731707317,0.048780487804878,0.0975609756097561,0.0,0.3414634146341463,0.1463414634146341,0.0975609756097561,0.073170731707317
5JLv62qFIS1DR3zGEcApRt,MuVi,0.1526717557251908,0.0763358778625954,0.0763358778625954,0.2137404580152671,0.1145038167938931,0.1068702290076336,0.1221374045801526,0.0610687022900763,0.0763358778625954
49wOjOkS4pBK3PQnPnNYjb,MuVi,0.0898876404494382,0.0674157303370786,0.1123595505617977,0.0674157303370786,0.1685393258426966,0.1573033707865168,0.1797752808988764,0.1123595505617977,0.0449438202247191
4lCv7b86sLynZbXhfScfm2,MuVi,0.163265306122449,0.0408163265306122,0.0612244897959183,0.1020408163265306,0.0612244897959183,0.1836734693877551,0.163265306122449,0.0816326530612245,0.1428571428571428
6DkXLzBQT7cwXmTyzAB1DJ,MuVi,0.0869565217391304,0.0579710144927536,0.0579710144927536,0.2028985507246377,0.0434782608695652,0.2318840579710144,0.1159420289855072,0.144927536231884,0.0579710144927536
009ImBOrIUlWgla8U05RAC,MuVi,0.073170731707317,0.0975609756097561,0.0975609756097561,0.1951219512195122,0.073170731707317,0.1463414634146341,0.1219512195121951,0.073170731707317,0.1219512195121951
2lnzGkdtDj5mtlcOW2yRtG,MuVi,0.056338028169014,0.028169014084507,0.056338028169014,0.1408450704225352,0.1267605633802817,0.2816901408450704,0.1126760563380281,0.1126760563380281,0.0845070422535211
5Q0Nhxo0l2bP3pNjpGJwV1,MuVi,0.0930232558139535,0.0465116279069767,0.0930232558139535,0.2093023255813953,0.0,0.1627906976744186,0.0697674418604651,0.1395348837209302,0.186046511627907
4PdJSsESm34djLfBde9Pr2,MuVi,0.1041666666666666,0.0,0.1666666666666666,0.2083333333333333,0.125,0.0833333333333333,0.1458333333333333,0.0625,0.1041666666666666
3w3y8KPTfNeOKPiqUTakBh,MuVi,0.146788990825688,0.073394495412844,0.055045871559633,0.1651376146788991,0.0825688073394495,0.201834862385321,0.073394495412844,0.110091743119266,0.091743119266055
5B5eTk7DF8KVp1zpQoY1XY,MuVi,0.048780487804878,0.065040650406504,0.1626016260162602,0.1951219512195122,0.073170731707317,0.1951219512195122,0.1463414634146341,0.08130081300813,0.032520325203252
2vwlzO0Qp8kfEtzTsCXfyE,MuVi,0.0384615384615384,0.0961538461538461,0.1153846153846153,0.2115384615384615,0.0576923076923076,0.1538461538461538,0.1346153846153846,0.0576923076923076,0.1346153846153846
37ZJ0p5Jm13JPevGcx4SkF,MuVi,0.0869565217391304,0.108695652173913,0.1304347826086956,0.1521739130434782,0.0,0.1956521739130435,0.108695652173913,0.1739130434782608,0.0434782608695652
2cZrrQMjB63c0iIugYH9zS,MuVi,0.0925925925925925,0.074074074074074,0.0925925925925925,0.1851851851851851,0.1111111111111111,0.1666666666666666,0.1111111111111111,0.0925925925925925,0.074074074074074
0obBFrPYkSoBJbvHfUIhkv,MuVi,0.08,0.0999999999999999,0.0999999999999999,0.16,0.0,0.16,0.16,0.06,0.18
5JVbvCHX10U2pLa5DEqGav,MuVi,0.081081081081081,0.081081081081081,0.054054054054054,0.081081081081081,0.081081081081081,0.2702702702702702,0.1351351351351351,0.081081081081081,0.1351351351351351
1LmN9SSHISbtp9LoaR5ZVJ,MuVi,0.0625,0.0625,0.0208333333333333,0.1875,0.0625,0.1875,0.1041666666666666,0.1458333333333333,0.1666666666666666
0gmbgwZ8iqyMPmXefof8Yf,MuVi,0.1525423728813559,0.0508474576271186,0.0508474576271186,0.1186440677966101,0.0,0.288135593220339,0.2203389830508474,0.1016949152542373,0.0169491525423728
0ByMNEPAPpOR5H69DVrTNy,MuVi,0.1363636363636363,0.0227272727272727,0.0909090909090909,0.1363636363636363,0.1363636363636363,0.0681818181818181,0.0909090909090909,0.1363636363636363,0.1818181818181818
5072hCBK3Z15qRnTEzd8fy,MuVi,0.1272727272727273,0.1272727272727272,0.1454545454545454,0.1272727272727272,0.0,0.2363636363636364,0.1454545454545454,0.0181818181818181,0.0727272727272727
1mKXFLRA179hdOWQBwUk9e,MuVi,0.1111111111111111,0.0888888888888888,0.2,0.2,0.1333333333333333,0.1333333333333333,0.0666666666666666,0.0,0.0666666666666666
4YEzWT4DdODFA8afHW4Buj,Trompa-Mer,0.0,0.1666666666666666,0.1666666666666666,0.0,0.3333333333333333,0.0,0.3333333333333333,0.0,0.0
3B96fnLvrF8Vts0sqZ3Yqy,Trompa-Mer,0.0,0.0,0.0,0.0,0.0,0.0,1.0,0.0,0.0
3uMYlxIkokZ2iQtsFppIFL,Trompa-Mer,0.1,0.0,0.0,0.0,0.0,0.4,0.1,0.3,0.1
14P1OdmogoJ6NrgIzofIH7,Trompa-Mer,0.0,0.0,0.0,0.0,0.0,0.5,0.5,0.0,0.0
6Tz5l1iTZrUofJWEC3E1Wo,Trompa-Mer,0.1,0.0,0.0,0.0,0.0,0.0,0.9,0.0,0.0
7tmU2HO3o6723w9lyY9DZB,Trompa-Mer,0.125,0.125,0.0,0.0,0.0,0.25,0.5,0.0,0.0
2JilhEGTNpRPIe2MvOuoAK,Trompa-Mer,0.125,0.0,0.125,0.0,0.125,0.125,0.375,0.125,0.0
3Z4vwUC7JM5tTJE8QifIgK,Trompa-Mer,0.0,0.0,0.0,0.0,0.0,0.1666666666666666,0.6666666666666666,0.1666666666666666,0.0
3Wr7UYZZ6wEWrK5CPVArwW,Trompa-Mer,0.0,0.0,0.0,0.0,0.0,0.125,0.875,0.0,0.0
1FYbPdUIHGvU98PGjM8aTb,Trompa-Mer,0.0,0.0,0.0,0.0,0.1428571428571428,0.0,0.8571428571428571,0.0,0.0
30B35IICvccL9zJa1CPb2s,Trompa-Mer,0.0,0.0,0.0,0.0,0.0,0.0,1.0,0.0,0.0
0ka7k2Zym4Ndwq9PseTTZz,Trompa-Mer,0.0,0.0,0.0,0.0,0.0,0.0,1.0,0.0,0.0
6sMRk3bTuyt3Gzb5EURN2c,Trompa-Mer,0.0,0.0,0.0,0.0,0.0,0.2,0.6,0.1,0.1
6CoQlf5lzri1H7d2aJyLLT,Trompa-Mer,0.0,0.0,0.0,0.0,0.0,0.125,0.5,0.375,0.0
1FKMxoO6dHG5SnUdhoXZKC,Trompa-Mer,0.0,0.0,0.0,0.0,0.0,0.0,1.0,0.0,0.0
3Z5FGHV9s2SGsitrwWwB9R,Trompa-Mer,0.125,0.0,0.0,0.0,0.0,0.0,0.875,0.0,0.0
0IX3uFkn2Cgl8IWJ2Zl3bM,Trompa-Mer,0.0,0.0,0.0,0.0,0.0,0.2,0.4,0.3333333333333333,0.0666666666666666
30B35IICvccL9zJa1CPb2s,Trompa-Mer,0.0,0.0,0.0,0.0,0.0,0.0,0.875,0.125,0.0
41ejWiWxxjA7CEwKHVjRKk,Trompa-Mer,0.0,0.0,0.0,0.0,0.0,0.0,1.0,0.0,0.0
6CjjiEzG22ghUHurrvfiez,Trompa-Mer,0.0,0.0,0.2857142857142857,0.0,0.0,0.0,0.7142857142857143,0.0,0.0
18uARsQnALp0MbkEXbR99v,Trompa-Mer,0.0,0.0,0.0,0.0,0.1111111111111111,0.0,0.6666666666666666,0.1111111111111111,0.1111111111111111
3fFWzLkcCwSq7oqRCyYYOO,Trompa-Mer,0.0909090909090909,0.0,0.0,0.0,0.0,0.0909090909090909,0.5454545454545454,0.0909090909090909,0.1818181818181818
1dTHo2hYeK7ejh2DW3erMx,Trompa-Mer,0.0,0.0,0.0,0.0,0.0,0.5,0.25,0.1666666666666666,0.0833333333333333
3fFWzLkcCwSq7oqRCyYYOO,Trompa-Mer,0.1,0.1,0.0,0.0,0.1,0.0,0.3,0.1,0.3
3ddAA9eg8hpuy0Jba61Ny7,Trompa-Mer,0.1111111111111111,0.0,0.0,0.0,0.0,0.2222222222222222,0.3333333333333333,0.3333333333333333,0.0
61OyDWy0GrMsSpW0LD8a5d,Trompa-Mer,0.0,0.0,0.0,0.0,0.0,0.3333333333333333,0.1666666666666666,0.5,0.0
65Z1jsDjf8oEt1qPZ5TapG,Trompa-Mer,0.1428571428571428,0.0,0.0,0.0,0.0,0.7142857142857143,0.1428571428571428,0.0,0.0
66JZbQD3tIVdIb02I0OsbR,Trompa-Mer,0.0,0.0,0.4285714285714285,0.0,0.0,0.0,0.0,0.0,0.5714285714285714
5O0uvBWcxhihEQEDyTHzxb,Trompa-Mer,0.0,0.0,0.2,0.0,0.2,0.0,0.0,0.0,0.6
0GjDd8RhXXcx2y5dCl06Ks,Trompa-Mer,0.0,0.0,0.4,0.0,0.2,0.0,0.1,0.0,0.3
4esgwVBS391XTjRZwh64iw,Trompa-Mer,0.0,0.0,0.5,0.0,0.125,0.0,0.0,0.0,0.375
3ZcCCQhbKASDXssUwJotDd,Trompa-Mer,0.0,0.0,0.0714285714285714,0.0,0.0714285714285714,0.3571428571428571,0.2142857142857142,0.1428571428571428,0.1428571428571428
7aBcV2AVrYqwMJBntO01an,Trompa-Mer,0.0,0.1111111111111111,0.2222222222222222,0.0,0.0,0.0,0.0,0.0,0.6666666666666666
2v4dgGQiRLrUI4flSDmiFi,Trompa-Mer,0.0,0.0,0.2,0.0,0.1,0.0,0.0,0.0,0.7
3e1M4JcAHEJlSrVBPYicjQ,Trompa-Mer,0.0,0.0,0.0,0.0,0.0,0.0,0.0,0.0,1.0
3SQauyf4T2j5XCTZxZ3gxY,Trompa-Mer,0.0,0.0,0.1333333333333333,0.0,0.1333333333333333,0.1333333333333333,0.3333333333333333,0.0,0.2666666666666666
1h33O6bsMRrKWlBzbylA0t,Trompa-Mer,0.0,0.0,0.0,0.0,0.2,0.4,0.4,0.0,0.0
3zM4YN79gRdN7sL24MinkD,Trompa-Mer,0.0,0.0909090909090909,0.0909090909090909,0.0,0.0,0.0909090909090909,0.6363636363636364,0.0,0.0909090909090909
3e67OKoAXKX52lO8LddyJQ,Trompa-Mer,0.0,0.0,0.0,0.0,0.2222222222222222,0.0,0.7777777777777778,0.0,0.0
2SbpLmg03h0bX9njy4Erm4,Trompa-Mer,0.0,0.0,0.0,0.0,0.0,0.125,0.875,0.0,0.0
2vEfx8KoesbXtM0IJpbDdX,Trompa-Mer,0.0,0.0,0.1,0.0,0.6,0.0,0.2,0.0,0.1
15VJ4TNlnzk8RMSRl64WTt,Trompa-Mer,0.0,0.0,0.0,0.0,0.0,0.0,0.7777777777777778,0.1111111111111111,0.1111111111111111
3piYPE8q7RyexifHvCTIQS,Trompa-Mer,0.0,0.0,0.1428571428571428,0.0,0.1428571428571428,0.0714285714285714,0.3571428571428571,0.0,0.2857142857142857
6WJsSJt1axczSrzp6I1PJd,Trompa-Mer,0.0,0.0,0.25,0.0,0.0833333333333333,0.0,0.0833333333333333,0.0833333333333333,0.5
5yVRc5GJvf816BcHe4tqdp,Trompa-Mer,0.0,0.0,0.6875,0.0,0.0,0.0,0.0,0.0,0.3125
42OhD1wOjZ6VD31q8UAGhy,Trompa-Mer,0.0,0.0,0.0,0.0,0.0,0.0,0.0,0.1666666666666666,0.8333333333333334
0tty3jG9d2Kcw3I5VDot3K,Trompa-Mer,0.0,0.1111111111111111,0.0,0.0,0.0,0.0,0.2222222222222222,0.1111111111111111,0.5555555555555556
2CimHhLjxIQVLfo5T75ABN,Trompa-Mer,0.0833333333333333,0.0,0.0833333333333333,0.0,0.1666666666666666,0.0833333333333333,0.1666666666666666,0.0,0.4166666666666667
7obHCV8TS8g4XBAayBhab7,Trompa-Mer,0.0,0.0,0.0,0.0,0.2,0.0,0.0,0.0,0.8
4pnIr684OzidkR8ThjVcUS,Trompa-Mer,0.0,0.0,0.1428571428571428,0.0,0.0,0.2142857142857142,0.4285714285714285,0.0,0.2142857142857142
2tOVOXuJVLHPYgDGkBoxs5,Trompa-Mer,0.0,1.0,0.0,0.0,0.0,0.0,0.0,0.0,0.0
6Fe3uRlrIlEmvLych0YKD6,Trompa-Mer,0.0,0.0,0.0,0.0,0.0,0.0,1.0,0.0,0.0
6HAdqr31AGLLwZQiLlVf2m,Trompa-Mer,0.0,0.0,1.0,0.0,0.0,0.0,0.0,0.0,0.0
48s6sQjbgQFMMI1LVr3QTw,Trompa-Mer,0.0,0.0,0.0,0.0,0.0,0.0,1.0,0.0,0.0
2cRiPxmKa3ZxI0On7VhT7w,Trompa-Mer,0.0,0.0,0.0,0.0,0.0,0.0,1.0,0.0,0.0
4EWskvJEK8kolVFamQfcp2,Trompa-Mer,0.0,0.0,0.0,0.0,0.0,0.0,0.5,0.0,0.5
1sC7Lj8iiLRQcQ1EGY6voZ,Trompa-Mer,0.0,0.0,0.0,0.0,1.0,0.0,0.0,0.0,0.0
1bem3jZFnFh23ypA2y8fcc,Trompa-Mer,0.0,0.0,0.0,0.0,1.0,0.0,0.0,0.0,0.0
5HanF8cg78tSFgIS9s5839,Trompa-Mer,0.0,1.0,0.0,0.0,0.0,0.0,0.0,0.0,0.0
63OCNxxPq0cvTV1Qjcfc3v,Trompa-Mer,0.0,0.0,0.5,0.0,0.0,0.0,0.0,0.0,0.5
1HmxTlsuvGmmv3swxkqGh3,Trompa-Mer,0.0,0.0,0.0,0.0,0.5,0.0,0.0,0.0,0.5
2xaH5ognUTS24mxV2365Xz,Trompa-Mer,0.0,0.0,0.0,0.0,0.0,0.0,0.0,0.0,1.0
6yh14NGRm7vgNrBzxsCFeC,Trompa-Mer,0.0,0.0,0.0,0.0,0.0,0.5,0.0,0.0,0.5
1OFQrNl6K7lDwEtEYYn3uM,Trompa-Mer,0.0,0.0,0.0,0.0,0.0,0.0,0.0,0.0,1.0
75B7GcxxpT70gIVHPt9n1W,Trompa-Mer,0.0,0.0,0.0,0.0,0.0,0.0,0.0,0.0,1.0
0qmyJitPDds26H6vaAuFIN,Trompa-Mer,0.0,0.0,1.0,0.0,0.0,0.0,0.0,0.0,0.0
4dBtni0XD7m1zMuuXA9SIb,Trompa-Mer,0.0,0.0,0.0,0.0,0.0,0.0,1.0,0.0,0.0
74ga3ucK2TNLdlmAKMFSmO,Trompa-Mer,1.0,0.0,0.0,0.0,0.0,0.0,0.0,0.0,0.0
16m8X96btiMe68kCjIXB55,Trompa-Mer,0.5,0.0,0.0,0.0,0.0,0.0,0.5,0.0,0.0
3qA5zt0CekrechM5dJ9Z5v,Trompa-Mer,0.0,0.0,0.3333333333333333,0.0,0.0,0.0,0.3333333333333333,0.0,0.3333333333333333
2rqqmk5JkjIyXH1iOVno6r,Trompa-Mer,0.0,0.0,0.0,0.0,0.0,0.0,1.0,0.0,0.0
60PxnQYeY1FrBq9A1YBlty,Trompa-Mer,0.0,0.0,0.5,0.0,0.5,0.0,0.0,0.0,0.0
7picinSuMamOU0lAjh0fNv,Trompa-Mer,0.0,0.0,0.0,0.0,0.0,0.0,0.0,1.0,0.0
5SAzQc3ZMIVRsQ3HedrGub,Trompa-Mer,0.0,0.0,0.0,0.0,0.0,0.0,0.0,1.0,0.0
0FTxwamL89z3hJlu9y7QIO,Trompa-Mer,0.0,0.3333333333333333,0.0,0.0,0.3333333333333333,0.3333333333333333,0.0,0.0,0.0
4jH8s5AnvoEkHNELtDBAot,Trompa-Mer,0.0,0.0,0.0,0.0,0.0,0.0,0.0,1.0,0.0
0UHPoA1C6SooMYPVQ5gExg,Trompa-Mer,0.0,0.0,0.0,0.0,0.0,0.0,1.0,0.0,0.0
1TmWKfJvZxQDEWSwQfOYgi,Trompa-Mer,0.0,0.0,0.0,0.0,0.0,0.0,0.0,1.0,0.0
0SiydsakOdF1n8wQViepXK,Trompa-Mer,0.0,0.5,0.0,0.0,0.0,0.0,0.0,0.5,0.0
5QMaapYtBSplKmZPEz5Jfa,Trompa-Mer,1.0,0.0,0.0,0.0,0.0,0.0,0.0,0.0,0.0
7jZXymh2SwJUGD4juPNVVH,Trompa-Mer,0.0,0.5,0.0,0.0,0.0,0.5,0.0,0.0,0.0
40XlJilMDtJd6ZlOG06DO3,Trompa-Mer,0.0,0.0,0.0,0.0,0.0,0.0,0.0,0.0,1.0
2ePwLdOo5Gy4QxaXMMePcY,Trompa-Mer,0.0,0.0,0.0,0.0,0.0,0.0,0.0,1.0,0.0
0KeZrlIFUKmev3jaDn9LHk,Trompa-Mer,0.0,0.0,0.0,0.0,0.5,0.0,0.0,0.0,0.5
6BeyOjnrePICbpdXarIICw,Trompa-Mer,0.0,0.0,1.0,0.0,0.0,0.0,0.0,0.0,0.0
5BrIw5uu3epbUF1xxsPvTY,Trompa-Mer,0.0,0.0,1.0,0.0,0.0,0.0,0.0,0.0,0.0
2PL6N5HkFDM0gUnbuTHhHQ,Trompa-Mer,0.0,0.5,0.0,0.0,0.0,0.0,0.0,0.0,0.5
04WC5DUgZzObyLu589TyQF,Trompa-Mer,0.0,0.0,0.0,0.0,0.0,0.0,0.0,0.0,1.0
5tyueS499xz4hmftYpBUO6,Trompa-Mer,0.0,0.0,0.0,0.0,0.0,0.0,0.5,0.5,0.0
4WZIwAx4dAXESF7tZbgfNa,Trompa-Mer,0.0,0.0,0.0,0.0,1.0,0.0,0.0,0.0,0.0
3v9i4lx9aV0cjswxJMiUWL,Trompa-Mer,1.0,0.0,0.0,0.0,0.0,0.0,0.0,0.0,0.0
6Ws4L1RItsFrToeQx5s2dJ,Trompa-Mer,0.0,0.0,0.0,0.0,0.0,0.0,0.0,1.0,0.0
0eDAUmOjFK0X0bT0lwTLkk,Trompa-Mer,0.0,0.0,0.0,0.0,0.0,0.0,0.0,1.0,0.0
641ccA4oR8TkRkJVr1h2T4,Trompa-Mer,0.0,0.0,0.0,0.0,0.0,0.0,0.0,0.0,1.0
6xxlrH5t6ocdNzWi3Qm1Kp,Trompa-Mer,0.0,0.0,0.0,0.0,0.0,0.0,0.0,1.0,0.0
4FMxdw2gD0irWTVFe3qd4N,Trompa-Mer,0.0,0.0,0.0,0.0,0.0,0.0,0.0,1.0,0.0
0XBdjdlqdgemfuPNUHOPqt,Trompa-Mer,0.5,0.0,0.0,0.0,0.0,0.0,0.0,0.5,0.0
5aCshn965AVkXXSiEiXxoF,Trompa-Mer,0.0,0.0,0.0,0.0,0.0,0.0,0.0,1.0,0.0
59dTd8o79f00OjiFI7YFkN,Trompa-Mer,0.5,0.0,0.0,0.0,0.0,0.0,0.0,0.5,0.0
4zDf6Odl6QJGkUohG1gyqs,Trompa-Mer,0.0,0.0,0.0,0.0,0.0,0.0,0.0,0.0,1.0
1wEUMrSdsFle7aXz5OHOpR,Trompa-Mer,0.0,0.0,0.0,0.0,0.0,0.0,0.0,1.0,0.0
70j7CbpLqxIqx5flyp76U9,Trompa-Mer,0.0,0.0,0.5,0.0,0.0,0.0,0.0,0.0,0.5
2hENiXHf5aQKufaoKsr1vc,Trompa-Mer,0.0,1.0,0.0,0.0,0.0,0.0,0.0,0.0,0.0
6TgWP4HXj9wZyJF3yoghRj,Trompa-Mer,0.0,0.0,1.0,0.0,0.0,0.0,0.0,0.0,0.0
5kbc0rEqDMkE1U4dR7TCop,Trompa-Mer,0.0,0.0,0.0,0.0,0.0,0.0,0.0,1.0,0.0
38lb35Gm6DyUL832PqzkJ5,Trompa-Mer,0.0,0.0,0.0,0.0,0.0,0.0,0.0,0.0,1.0
4pkEdl9tRJ0rWm82thE6xN,Trompa-Mer,0.0,0.0,0.0,0.0,0.0,0.0,0.0,0.0,1.0
4raz8qKBst8nxtPfacNeKX,Trompa-Mer,0.0,0.0,0.0,0.0,0.0,0.0,1.0,0.0,0.0
2gmZQG0v6nx4pDw2xUcMhR,Trompa-Mer,0.0,0.0,0.0,0.0,0.0,0.0,1.0,0.0,0.0
66B2qWN9fZCGjWKd9yYzAa,Trompa-Mer,0.0,0.0,1.0,0.0,0.0,0.0,0.0,0.0,0.0
4DUqzpMYKexYXAfHNk6Js7,Trompa-Mer,0.0,0.0,0.0,0.0,0.0,0.0,0.5,0.0,0.5
5UfWNw9T5ZCtZJICl9abfr,Trompa-Mer,0.0,0.0,0.0,0.0,1.0,0.0,0.0,0.0,0.0
4NqDc0oXzLQ4g3mS8NbNpC,Trompa-Mer,0.0,0.0,0.0,0.0,1.0,0.0,0.0,0.0,0.0
56OMc2pr6XJgpQqASY7kYc,Trompa-Mer,0.0,0.0,0.0,0.0,0.0,0.0,0.0,0.0,1.0
1p2SuKNZDUdq76CY4aXGeS,Trompa-Mer,0.0,0.0,0.0,0.0,0.0,0.0,0.0,0.0,1.0
7en2clkFhIGVooYIHmrHyO,Trompa-Mer,0.0,0.0,0.0,0.0,0.0,0.0,0.0,0.0,1.0
6ZpQ1csfD1NUe9oskVcfYa,Trompa-Mer,0.0,0.0,0.0,0.0,0.0,0.0,0.0,0.0,1.0
2tcfbkABIwzpepPyaFsYF4,Trompa-Mer,0.1111111111111111,0.0,0.0,0.0,0.4444444444444444,0.1111111111111111,0.2222222222222222,0.0,0.1111111111111111
4hY1wcNRTRoX59Q2j9uLo2,Trompa-Mer,0.0,0.0,1.0,0.0,0.0,0.0,0.0,0.0,0.0
5s7AZnhqrZoh8bxmZIhmIU,Trompa-Mer,0.0,0.0,0.0,0.0,1.0,0.0,0.0,0.0,0.0
2ccyfMLrk0e83ufjIzx7nP,Trompa-Mer,0.0,0.0,0.0,0.0,0.0,0.0,1.0,0.0,0.0
5lbK51v4BbQl50hcKyroaD,Trompa-Mer,0.0,0.0,0.0,0.0,0.0,0.0,0.0,0.0,1.0
4RvfozaNchxoTv78xt7UZ4,Trompa-Mer,0.0,0.0,0.0,0.0,0.0,0.0,0.0,1.0,0.0
6OjM6qMiIeDMPsq0i5zgEv,Trompa-Mer,1.0,0.0,0.0,0.0,0.0,0.0,0.0,0.0,0.0
3MCIcDhQnSu71locMLkDd2,Trompa-Mer,0.0,0.0,0.0,0.0,0.0,0.0,0.0,1.0,0.0
08QEqmZqmgSgbkSX3DJhVe,Trompa-Mer,0.0,0.0,0.0,0.0,1.0,0.0,0.0,0.0,0.0
0IMuTDzuwr8xBH17gdyiMt,Trompa-Mer,0.0,0.0,0.0,0.0,0.0,0.0,0.0,0.0,1.0
5UCuxPQjMVOtnzvAmafYDl,Trompa-Mer,0.3333333333333333,0.0,0.0,0.0,0.3333333333333333,0.0,0.3333333333333333,0.0,0.0
5DmIH1YPEtNFRMIfn7ohct,Trompa-Mer,0.0,0.0,1.0,0.0,0.0,0.0,0.0,0.0,0.0
6Tyi3cohVqndOiYUj4fIQh,Trompa-Mer,0.0,0.0,0.0,0.0,0.0,0.0,1.0,0.0,0.0
4zvoKpFK7yV7K6F6R5WkTQ,Trompa-Mer,0.0,0.0,0.0,0.0,0.0,0.0,0.0,0.0,1.0
72Hs1rCaa3d01ynJoYZuvL,Trompa-Mer,0.0,1.0,0.0,0.0,0.0,0.0,0.0,0.0,0.0
4PcfrcGYvKYnaRDtFefcm0,Trompa-Mer,0.0,0.0,0.0,0.0,0.0,1.0,0.0,0.0,0.0
0vrzGBhoHDp4gbnuEykvR9,Trompa-Mer,0.0,0.0,0.0,0.0,0.0,0.0,0.0,0.0,1.0
2fqTTzINvVTid3XpwDEIya,Trompa-Mer,0.0,0.0,0.0,0.0,0.0,0.0,0.0,0.0,1.0
1VONcrGxRA2Suq56IVgy7n,Trompa-Mer,0.0,0.0,0.0,0.0,0.0,0.0,1.0,0.0,0.0
5BNvJ36wKa4J9SFj0kXhhK,Trompa-Mer,0.0,0.0,1.0,0.0,0.0,0.0,0.0,0.0,0.0
2CA5865wcmBr7rV3sha9dp,Trompa-Mer,0.0,0.0,0.0,0.0,0.0,1.0,0.0,0.0,0.0
3dJzFa1aLJN1mduCUDV1Q8,Trompa-Mer,0.0,0.0,0.5,0.0,0.0,0.0,0.5,0.0,0.0
3kymYtzfYgL9PKnHs3P04q,Trompa-Mer,0.0,0.0,0.0,0.0,0.0,0.0,1.0,0.0,0.0
02oyxPvWpwTGB7hbl8rJJm,Trompa-Mer,0.0,0.0,0.0,0.0,0.0,1.0,0.0,0.0,0.0
7rrfb22TyK3CsIpyZqQPT7,Trompa-Mer,0.0,0.0,0.0,0.0,0.0,0.0,0.0,1.0,0.0
7z2OGKCkINzuvlIRLA4uYR,Trompa-Mer,0.0,0.0,0.0,0.0,0.0,0.0,0.0,0.0,1.0
6cfJa8zNNd48ZBaduCwnql,Trompa-Mer,0.0,0.0,1.0,0.0,0.0,0.0,0.0,0.0,0.0
18FKm8dUcDdHP7JUU27TTH,Trompa-Mer,0.0,0.0,0.0,0.0,0.0,0.0,0.0,0.0,1.0
3jiSagSREEgX9xrMkg1e8h,Trompa-Mer,0.0,0.0,0.0,0.0,0.0,0.0,1.0,0.0,0.0
5lP1NWwgjfEQvIlr2PkfKn,Trompa-Mer,0.0,0.0,0.0,0.0,0.0,1.0,0.0,0.0,0.0
6XmEcp0Y5HKFSM125qPyzb,Trompa-Mer,0.0,0.0,0.0,0.0,0.0,0.0,0.0,0.5,0.5
4gtQZdFChgLc2SSZxUihDN,Trompa-Mer,0.0,0.0,0.0,0.0,1.0,0.0,0.0,0.0,0.0
1DNPy4Q8krN5Jr55sKFbsN,Trompa-Mer,0.0,0.0,0.0,0.0,0.0,0.0,0.0,0.0,1.0
2W0VYntdf1IuePzPFqzAs7,Trompa-Mer,0.5,0.0,0.0,0.0,0.0,0.0,0.0,0.0,0.5
6weKmnkc7RLosuMYy7vBlf,Trompa-Mer,1.0,0.0,0.0,0.0,0.0,0.0,0.0,0.0,0.0
0TeNSuU1JhgWjm9zhhGWaU,Trompa-Mer,0.0,0.0,0.0,0.0,0.0,0.0,1.0,0.0,0.0
4jq6tNgOkmHvpifn5jIaGD,Trompa-Mer,0.0,0.0,0.0,0.0,0.0,0.0,0.0,0.0,1.0
3ECnCdukTcI9iBhOr10n0n,Trompa-Mer,0.0,0.0,0.0,0.0,0.0,0.0,0.0,1.0,0.0
3qGXHZsCiDfKB3jgbaiEZw,Trompa-Mer,0.0,0.0,0.0,0.0,0.0,0.0,0.0,1.0,0.0
636V3Uz1Urbr9KwlncyMmv,Trompa-Mer,0.0,0.0,0.0,0.0,0.0,0.0,0.0,0.0,1.0
42vJEokMX1n4uvaw9qo2Rp,Trompa-Mer,0.0,0.0,0.0,0.0,0.0,1.0,0.0,0.0,0.0
2uW4Qs2BYdeJnDTXeI9l7T,Trompa-Mer,0.0,0.0,1.0,0.0,0.0,0.0,0.0,0.0,0.0
15USVROQrBbAc68l88cIgT,Trompa-Mer,0.0,0.0,0.0,0.0,0.0,0.0,0.0,0.0,1.0
5r3XrpYBXGfwEv4ZuNPMY2,Trompa-Mer,0.0,0.0,1.0,0.0,0.0,0.0,0.0,0.0,0.0
5KqOhTwZDKwMJuPM0LdSHb,Trompa-Mer,0.0,0.0,0.0,0.0,0.0,0.0,0.0,1.0,0.0
2rkExPLqC47S8np0Sd9UGf,Trompa-Mer,0.0,0.0,0.0,0.0,0.0,0.0,1.0,0.0,0.0
3dTcwy3L3fOP0vm4Lz0zdD,Trompa-Mer,1.0,0.0,0.0,0.0,0.0,0.0,0.0,0.0,0.0
6R5Bfkqk8HTrFFRGSLtC6I,Trompa-Mer,1.0,0.0,0.0,0.0,0.0,0.0,0.0,0.0,0.0
34uN2ZtxmRa1FfduaMm4cA,Trompa-Mer,0.0,0.0,0.0,0.0,0.0,0.0,0.0,0.0,1.0
1Ai6HBxGvkIJ7oakCbcor0,Trompa-Mer,0.0,0.0,0.0,0.0,0.0,0.0,0.0,0.0,1.0
3m8iCkusLrMAGlaGM5Vz0l,Trompa-Mer,0.0,0.0,0.0,0.0,0.0,0.0,0.0,0.0,1.0
7zX9GYeecG23zb0aoCImXk,Trompa-Mer,0.0,0.0,0.0,0.0,0.0,0.0,0.0,1.0,0.0
3wb8yPZwJoF4grugTS0Lcf,Trompa-Mer,0.0,0.0,0.0,0.0,0.0,0.0,0.0,0.0,1.0
6j35G4WM4iU9yeJaKlL9C2,Trompa-Mer,0.0,1.0,0.0,0.0,0.0,0.0,0.0,0.0,0.0
4kAHu3oCCUxGcgGJqPGQqO,Trompa-Mer,0.0,0.0,0.0,0.0,0.0,0.0,1.0,0.0,0.0
0TubItHcnUNfjN0uAnycx0,Trompa-Mer,0.0,0.0,0.0,0.0,0.0,0.0,0.0,1.0,0.0
3aHaoQ9Y2fp1yVBE7o0hP8,Trompa-Mer,0.0,0.0,0.0,0.0,0.0,0.0,0.0,0.0,1.0
3G0IW1zCqv0WTSO1Ty3gcw,Trompa-Mer,0.0,0.0,0.5,0.0,0.0,0.0,0.0,0.5,0.0
3b0QSi8e6bJGf7d21qWBpT,Trompa-Mer,0.0,0.0,0.5,0.0,0.5,0.0,0.0,0.0,0.0
6TWrhSSWeUPL1PPfhNuZZ1,Trompa-Mer,0.0,0.0,1.0,0.0,0.0,0.0,0.0,0.0,0.0
1zuqHCQBv9gDtza9o4FnPC,Trompa-Mer,0.0,0.0,0.0,0.0,0.0,0.0,1.0,0.0,0.0
0mfsOBQSQYHgJKD95suX5Z,Trompa-Mer,0.0,0.0,0.0,0.0,0.0,0.0,1.0,0.0,0.0
1aBlatezFnRkXYNMTpKDUF,Trompa-Mer,0.0,0.0,1.0,0.0,0.0,0.0,0.0,0.0,0.0
72C5xC43NiRHNxToiS5Ooe,Trompa-Mer,0.0,0.5,0.0,0.0,0.0,0.0,0.0,0.0,0.5
7psjUPEJKUCGUqfzNLNrD3,Trompa-Mer,0.0,0.0,0.6666666666666666,0.0,0.0,0.0,0.3333333333333333,0.0,0.0
7p0eXdWNyOG1yTVFizpfzs,Trompa-Mer,0.0,0.0,0.0,0.0,0.0,0.0,0.5,0.0,0.5
2KeuITUac0VamR5r8bOWYv,Trompa-Mer,0.0,0.0,0.0,0.0,0.0,0.0,0.75,0.25,0.0
7aW5GTai2cXQNETwgwNare,Trompa-Mer,0.5,0.0,0.0,0.0,0.0,0.0,0.0,0.5,0.0
1TPZ028i7BWWS5xW4UN9ss,Trompa-Mer,0.0,0.0,0.0,0.0,0.0,0.0,1.0,0.0,0.0
2kyZ91ZBJOxaBLiDtdF6uj,Trompa-Mer,0.0,0.0,0.0,0.0,0.0,0.0,0.5,0.5,0.0
3stiWNufj1DFhrayLkkIad,Trompa-Mer,0.0,0.0,0.0,0.0,0.0,0.0,1.0,0.0,0.0
0gKhhJ2vOwfPSl4s8vwWSi,Trompa-Mer,0.0,0.0,0.0,0.0,0.0,0.0,1.0,0.0,0.0
0wM1XOILTiDEUKee1TBCMP,Trompa-Mer,0.0,0.0,0.0,0.0,0.0,0.5,0.5,0.0,0.0
3I0LuwMIeMbsoYqC8tMezc,Trompa-Mer,1.0,0.0,0.0,0.0,0.0,0.0,0.0,0.0,0.0
2KIx8hXDl98Eiiag6WPqrM,Trompa-Mer,0.0,0.0,0.0,0.0,0.0,0.0,0.0,0.0,1.0
4XXPUMw5HXzcjjvcc4kWjo,Trompa-Mer,0.0,0.0,0.0,0.0,0.0,0.0,1.0,0.0,0.0
2fw385fOlwRdOMuZ7W2TmC,Trompa-Mer,0.0,0.0,0.0,0.0,0.0,0.0,0.0,1.0,0.0
27FQODDsgQRCrhqs3cFZmF,Trompa-Mer,0.0,0.0,0.0,0.0,0.0,0.0,1.0,0.0,0.0
0AtkLMheB17C3CYc1FbzmI,Trompa-Mer,0.0,0.0,0.0,0.0,0.0,1.0,0.0,0.0,0.0
4JApaWpUcDWCr8aVfiaaze,Trompa-Mer,0.0,0.0,0.0,0.0,0.0,0.0,1.0,0.0,0.0
3AqYTORI0rYSqnqBw6gCb5,Trompa-Mer,0.0,0.0,0.0,0.0,0.0,0.0,0.5,0.5,0.0
6qncrp6Vl1imTPpxcV3DoK,Trompa-Mer,0.0,0.0,0.0,0.0,0.0,0.0,1.0,0.0,0.0
6OjwMUQIffS74Z2qIsWmVO,Trompa-Mer,0.0,0.0,0.0,0.0,0.0,0.0,1.0,0.0,0.0
4yTLmbmdClGtxiABVcpEk2,Trompa-Mer,0.0,0.0,0.0,0.0,0.0,1.0,0.0,0.0,0.0
4iEBAbgNDDeAX4hrU2HdhS,Trompa-Mer,0.0,0.0,1.0,0.0,0.0,0.0,0.0,0.0,0.0
08oSf3enmWZfZVQMSSUw1I,Trompa-Mer,0.0,1.0,0.0,0.0,0.0,0.0,0.0,0.0,0.0
4InZI0b1MRtKyb1RIot3If,Trompa-Mer,0.0,0.0,0.0,0.0,0.0,0.0,0.0,0.0,1.0
6PUZONcaV2zDpla9EAWbVQ,Trompa-Mer,0.0,0.0,0.0,0.0,0.0,0.0,0.0,0.0,1.0
15VJ4TNlnzk8RMSRl64WTt,Trompa-Mer,0.0,0.0,0.0,0.0,0.0,0.0,0.7777777777777778,0.1111111111111111,0.1111111111111111
4O2LZzOjxDem3j71yhin48,Trompa-Mer,0.5,0.0,0.0,0.0,0.5,0.0,0.0,0.0,0.0
3HWHxXHUce8CoNRKYbZdKJ,Trompa-Mer,0.0,0.0,0.0,0.0,0.0,1.0,0.0,0.0,0.0
2ntFTAnS3pwXsSP0PXTVm6,Trompa-Mer,0.0,0.0,1.0,0.0,0.0,0.0,0.0,0.0,0.0
6tx719DGT8HQhTN61h3CAj,Trompa-Mer,0.0,0.0,0.0,0.0,0.0,0.0,1.0,0.0,0.0
0Rz0bLu0ksdYv8Szl4yxM7,Trompa-Mer,0.0,0.0,0.0,0.0,0.0,0.0,1.0,0.0,0.0
2Wt26eFSwT5bSZV6QmtmEB,Trompa-Mer,0.0,0.0,0.0,0.0,0.0,0.0,0.0,0.0,1.0
0MKIqxYl2dWOzoZ1CVmewF,Trompa-Mer,0.0,0.0,0.0,0.0,0.0,0.0,0.0,0.0,1.0
7CkmgkUbROGmod72MW5SCy,Trompa-Mer,0.0,0.0,0.0,0.0,0.0,0.0,0.0,0.0,1.0
4SG79mPALRVkhL33THFL8v,Trompa-Mer,0.0,0.0,0.5,0.0,0.0,0.0,0.0,0.5,0.0
60uWDMpOnm7dK3KhRKsMQQ,Trompa-Mer,0.0,0.0,0.0,0.0,0.0,0.0,0.0,0.0,1.0
7BCiiW82fpEmlj6MlauO8L,Trompa-Mer,0.0,0.0,0.0,0.0,0.0,0.0,1.0,0.0,0.0
1F2Dirip1GstLUIGcK2WSw,Trompa-Mer,0.0,0.0,0.0,0.0,0.0,0.0,1.0,0.0,0.0
2JS8zVzrwyQip7fVA5rf3M,Trompa-Mer,0.0,0.0,0.0,0.0,0.0,0.0,1.0,0.0,0.0
5EmEWen4st0uU1tVT1ZCIq,Trompa-Mer,0.0,0.0,0.0,0.0,0.0,1.0,0.0,0.0,0.0
068i7gxb7kxAAH7LPSpyvT,Trompa-Mer,0.0,0.0,0.0,0.0,0.0,0.0,0.0,1.0,0.0
6w65FnNlAuJ3YaKcb4ReWT,Trompa-Mer,0.0,0.0,0.0,0.0,0.0,0.0,0.0,0.0,1.0
5nPLu9o9YYwDtQ3uZDDlm5,Trompa-Mer,0.0,0.0,0.0,0.0,1.0,0.0,0.0,0.0,0.0
6BnvLEgL43G3la9JPjnwAA,Trompa-Mer,0.0,0.0,0.0,0.0,0.0,0.0,1.0,0.0,0.0
6fBg13RcsIcctdPANAiwI5,Trompa-Mer,0.0,0.0,0.0,0.0,0.0,0.0,1.0,0.0,0.0
5CgfPOaeREAvGeczYCwta8,Trompa-Mer,0.0,0.0,0.0,0.0,0.5,0.5,0.0,0.0,0.0
2ZowHpJhRCJO5l6WR9aQsd,Trompa-Mer,0.0,0.0,0.0,0.0,0.0,0.0,0.0,0.0,1.0
6lRhgvPcajzV9p3jE0zCsf,Trompa-Mer,0.5,0.0,0.0,0.0,0.0,0.5,0.0,0.0,0.0
4f131ZKqnk9SudTFYcnJU7,Trompa-Mer,0.0,1.0,0.0,0.0,0.0,0.0,0.0,0.0,0.0
08b79I9eCjbiERXg03Xr2X,Trompa-Mer,0.0,0.0,0.0,0.0,0.0,0.0,0.0,0.5,0.5
4JDTHGwzppvlFD6cXHjt5h,Trompa-Mer,0.0,0.0,0.0,0.0,0.0,0.0,0.0,0.0,1.0
1z8095s2trSiUUDIjSz9UJ,Trompa-Mer,0.0,0.0,0.0,0.0,0.0,0.0,1.0,0.0,0.0
6rIaNE6siPSCPpTnOr0V20,Trompa-Mer,0.0,0.0,1.0,0.0,0.0,0.0,0.0,0.0,0.0
64RQNE6m3Hcbcn6hcBpGf7,Trompa-Mer,0.0,0.0,0.0,0.0,0.0,0.0,1.0,0.0,0.0
6qyqNr0pXGG2g9z4d3EFMW,Trompa-Mer,0.0,0.0,0.3333333333333333,0.0,0.0,0.0,0.6666666666666666,0.0,0.0
4KvcjjSFr18c3Tm1X3O365,Trompa-Mer,0.0,0.0,0.0,0.0,0.0,0.0,1.0,0.0,0.0
5hQJQPzIyU8oo7XWQpttYx,Trompa-Mer,0.0,1.0,0.0,0.0,0.0,0.0,0.0,0.0,0.0
2efSFJqV3SuXd113QWcQgG,Trompa-Mer,0.5,0.0,0.5,0.0,0.0,0.0,0.0,0.0,0.0
5G3DIojPwYLhkgem62QmFU,Trompa-Mer,0.0,0.0,0.0,0.0,0.0,1.0,0.0,0.0,0.0
0PHGV9pWYv91WCeCXhdWye,Trompa-Mer,0.0,1.0,0.0,0.0,0.0,0.0,0.0,0.0,0.0
1ZHfMFfKdpFmAIAXIWK9LH,Trompa-Mer,0.0,0.0,0.0,0.0,0.0,0.0,0.3333333333333333,0.0,0.6666666666666666
4bTtcW1liG0xX7nizfwSow,Trompa-Mer,0.0,0.0,0.0,0.0,1.0,0.0,0.0,0.0,0.0
3bPfrgEYx4ncxqTHpVgfC8,Trompa-Mer,0.0,0.0,0.0,0.0,1.0,0.0,0.0,0.0,0.0
5ZtJHTii7VocLmeLhZ29Jf,Trompa-Mer,0.5,0.0,0.0,0.0,0.0,0.0,0.5,0.0,0.0
6UGwNqWs6ruNU2dIrEJ8a0,Trompa-Mer,0.0,0.0,0.0,0.0,0.0,0.0,1.0,0.0,0.0
5kB8WUUla9s2w7yXD7h4CQ,Trompa-Mer,0.0,0.0,1.0,0.0,0.0,0.0,0.0,0.0,0.0
382STQaG5Tmbgl7c50ympq,Trompa-Mer,0.0,0.0,0.0,0.0,0.3333333333333333,0.0,0.0,0.3333333333333333,0.3333333333333333
64DGQA87X5eZeOlnxIygsR,Trompa-Mer,0.0,0.0,0.0,0.0,0.0,0.0,0.0,0.0,1.0
19OBH0CBxyhMyTwlxjVC0m,Trompa-Mer,0.0,0.0,0.0,0.0,0.0,0.0,0.0,0.0,1.0
1jE8GlykZ1yw0RAor8Z8zP,Trompa-Mer,0.0,0.0,0.0,0.0,0.0,0.0,0.0,0.0,1.0
135Ns5af7wyS7pOgeBRxJv,Trompa-Mer,0.0,0.0,0.0,0.0,0.0,0.0,1.0,0.0,0.0
4akA0jXMAwk1KVg7F2pHbF,Trompa-Mer,0.0,0.0,0.0,0.0,0.5,0.0,0.0,0.0,0.5
72qbqvuzJN0fZJXVRNVf30,Trompa-Mer,0.0,0.0,1.0,0.0,0.0,0.0,0.0,0.0,0.0
6S4ZDhnPA6usxi7gSzC7HT,Trompa-Mer,0.0,0.0,0.0,0.0,0.0,0.0,0.0,0.0,1.0
2QQMjvrRlC0zBQCrlWijSf,Trompa-Mer,1.0,0.0,0.0,0.0,0.0,0.0,0.0,0.0,0.0
3jylBcSC2wYbH6QVD9Sadn,Trompa-Mer,0.0,0.0,0.0,0.0,0.0,0.0,1.0,0.0,0.0
1ziEb2b34hEssVrITjrX5a,Trompa-Mer,0.0,0.0,0.0,0.0,1.0,0.0,0.0,0.0,0.0
6mnNjGT492kwXUGXvFEAjN,Trompa-Mer,0.0,0.0,1.0,0.0,0.0,0.0,0.0,0.0,0.0
1h3LHues4x1LNBWXr3lqFI,Trompa-Mer,0.0,0.0,0.0,0.0,0.0,0.0,0.0,0.0,1.0
5sKkHrBJeXaJVxsKF7iRXP,Trompa-Mer,0.0,1.0,0.0,0.0,0.0,0.0,0.0,0.0,0.0
1IfwdtV2kstO6WqKUpOQy5,Trompa-Mer,0.0,0.0,0.0,0.0,0.0,0.0,0.0,0.0,1.0
2FcmSfTV12yWU82c4VuHKJ,Trompa-Mer,0.0,0.0,0.5,0.0,0.0,0.0,0.0,0.0,0.5
148Hy5OSxtUS0jNwwiv6so,Trompa-Mer,0.0,0.0,0.0,0.0,0.0,0.5,0.5,0.0,0.0
3eALmit99QwdZ5TpPKADQp,Trompa-Mer,0.0,0.0,1.0,0.0,0.0,0.0,0.0,0.0,0.0
1kjq7Hv6MMC6KmoSIM4KnK,Trompa-Mer,0.0,0.0,0.0,0.0,0.0,0.0,1.0,0.0,0.0
5kVtdLeqffeuaJMMSbM07F,Trompa-Mer,0.0,0.0,0.0,0.0,0.0,0.0,0.0,0.0,1.0
2RiFT9ZJhR8jcBaz5Si7DC,Trompa-Mer,0.0,0.0,1.0,0.0,0.0,0.0,0.0,0.0,0.0
0UjM15IsJ9mMZT2kxcxhxF,Trompa-Mer,0.0,0.0,0.0,0.0,0.0,0.0,0.0,0.0,1.0
1D33YKTE6nQA96IaSKWlV5,Trompa-Mer,1.0,0.0,0.0,0.0,0.0,0.0,0.0,0.0,0.0
7Gqkz5d8RdmVjddyxdqiaK,Trompa-Mer,0.0,1.0,0.0,0.0,0.0,0.0,0.0,0.0,0.0
2zTNEgnbcjcyUqZLSDfxhq,Trompa-Mer,0.0,0.0,0.0,0.0,0.0,0.0,1.0,0.0,0.0
7my3TOMotQsiwkwyl3q9lg,Trompa-Mer,0.0,0.0,1.0,0.0,0.0,0.0,0.0,0.0,0.0
0Qr8nK59gdzidJ688tfdjK,Trompa-Mer,0.0,0.0,0.0,0.0,0.0,0.0,1.0,0.0,0.0
0sFPuPPozGKMXZOU8q7GTp,Trompa-Mer,0.0,0.0,0.0,0.0,0.0,0.0,1.0,0.0,0.0
5O1LrXgtUg9cZyw9hMdI6H,Trompa-Mer,0.0,0.0,0.0,0.0,0.0,0.0,1.0,0.0,0.0
0H5HuPHYnAbx1xinL5Jw3r,Trompa-Mer,0.0,0.0,1.0,0.0,0.0,0.0,0.0,0.0,0.0
47WfVHxxA4D8hxyFeyXVK7,Trompa-Mer,0.0,0.0,0.0,0.0,0.0,0.0,1.0,0.0,0.0
4THV8iU0E5bW9uPLjDVWSC,Trompa-Mer,0.0,0.0,0.0,0.0,0.0,0.0,1.0,0.0,0.0
56nJpkd8pEn0s201DX5jee,Trompa-Mer,0.0,0.0,0.0,0.0,0.0,0.0,0.0,1.0,0.0
3JXsJ1Lr8nlFXWwWWfAklr,Trompa-Mer,0.0,0.0,0.0,0.0,0.0,0.0,1.0,0.0,0.0
6JG5mw3SiruA9BaL274qZK,Trompa-Mer,1.0,0.0,0.0,0.0,0.0,0.0,0.0,0.0,0.0
7zuWTpms4sU8bDxMp8xOGV,Trompa-Mer,0.0,0.0,0.0,0.0,1.0,0.0,0.0,0.0,0.0
7BksgdV0Mg84hubP15M31F,Trompa-Mer,0.0,0.0,0.0,0.0,0.0,0.0,0.0,1.0,0.0
5C2CbLumhLxMvSnwHEASaR,Trompa-Mer,0.0,0.0,0.0,0.0,0.0,0.0,1.0,0.0,0.0
5m694y2pgzK8RH84W6vYnO,Trompa-Mer,0.0,0.0,0.0,0.0,0.0,0.0,1.0,0.0,0.0
7I3Y3UnjaSFae4RwYx07ku,Trompa-Mer,0.0,0.0,0.0,0.0,0.0,0.0,1.0,0.0,0.0
1vxCAidwWPpuFWy9gNZK6f,Trompa-Mer,0.0,0.2222222222222222,0.0,0.0,0.0,0.2222222222222222,0.3333333333333333,0.1111111111111111,0.1111111111111111
1aJ4ziTzI7gbEjgqzSw4sB,Trompa-Mer,1.0,0.0,0.0,0.0,0.0,0.0,0.0,0.0,0.0
3g28goeIAUvyZ5OM1Hhx7k,Trompa-Mer,0.0,0.0,0.0,0.0,0.0,0.0,0.3333333333333333,0.6666666666666666,0.0
60xUP4eZDvNX0jwS3Q8AEJ,Trompa-Mer,0.0,0.0,0.0,0.0,0.0,1.0,0.0,0.0,0.0
56spTVSObeVetiH7X1hveP,Trompa-Mer,0.0,0.0,0.0,0.0,0.25,0.0,0.75,0.0,0.0
2rBmUbLL0eaxPFlpjXZePJ,Trompa-Mer,0.0,0.3333333333333333,0.0,0.0,0.6666666666666666,0.0,0.0,0.0,0.0
7zl5qGVMdyn8IeCZ8aS6yf,Trompa-Mer,0.0,0.0,0.0,0.0,1.0,0.0,0.0,0.0,0.0
2P4hFT3Ozx2aLtYGEdCDBi,Trompa-Mer,0.0,0.0,0.0,0.0,0.0,0.0,0.0,0.0,1.0
2kvJnfPSRGvNqEHywxGwds,Trompa-Mer,0.0,0.0,0.0,0.0,0.0,0.0,1.0,0.0,0.0
34eh95FzlKSCEJYj1N9eBX,Trompa-Mer,0.0,0.0,0.0,0.0,0.0,0.0,1.0,0.0,0.0
08zkOm6PBNwi1aF9riT9nl,Trompa-Mer,0.0,0.0,0.0,0.0,0.0,0.0,0.5,0.5,0.0
7na2CmayzvxICjrSbdUQSe,Trompa-Mer,0.0,0.0,0.0,0.0,0.0,0.4,0.6,0.0,0.0
2JrDzFN6Bne99jPVj4Y8P3,Trompa-Mer,0.0,0.0,0.0,0.0,0.0,0.25,0.75,0.0,0.0
4E7p53RpMQES1VTspmXEmE,Trompa-Mer,0.1666666666666666,0.0833333333333333,0.0833333333333333,0.0,0.25,0.0,0.0833333333333333,0.0,0.3333333333333333
27r2jIxs0aoJeytT86duvA,Trompa-Mer,0.0,0.0,0.0,0.0,0.0,0.0,0.8,0.2,0.0
6Pyuw6xvtv388idxtnPUDp,Trompa-Mer,0.0,0.0,0.0,0.0,0.0,0.0,0.5,0.0,0.5
3P9Q36GhjO5CfQxYo6Rwro,Trompa-Mer,0.1538461538461538,0.0769230769230769,0.0769230769230769,0.0,0.3846153846153846,0.0769230769230769,0.0769230769230769,0.0769230769230769,0.0769230769230769
5c3ziCfMcJxProIZ7yg7yq,Trompa-Mer,0.2,0.1,0.1,0.0,0.1,0.1,0.0,0.0,0.4
4tkj0pCl3SCr1FXYW44Z6g,Trompa-Mer,0.0,0.0,0.0,0.0,0.0,0.1,0.2,0.5,0.2
4dioJLMxQwZdGvPcjRCJK9,Trompa-Mer,0.0,0.0,0.25,0.0,0.25,0.25,0.25,0.0,0.0
012WbwBgON9prZ6BPdVCsy,Trompa-Mer,0.125,0.0,0.125,0.0,0.0,0.0,0.375,0.375,0.0
1KCYGpZvA6p89gTIug8NpV,Trompa-Mer,0.0,0.0,0.2,0.0,0.1,0.0,0.2,0.1,0.4
5vlQNUpWKTFiV1NEUnvAFv,Trompa-Mer,0.1666666666666666,0.5,0.0,0.0,0.1666666666666666,0.0,0.0,0.0,0.1666666666666666
6Q3ozAXkxLpKQy6sc8L0TY,Trompa-Mer,0.0,0.0,0.1,0.0,0.0,0.2,0.3,0.0,0.4
1lhsYuyjw2urbnxLZudL2j,Trompa-Mer,0.0714285714285714,0.0,0.5,0.0,0.1428571428571428,0.0,0.0,0.0,0.2857142857142857
7Mf8UwvvoEpdFLjHAZ9zk0,Trompa-Mer,0.0,0.1,0.3,0.0,0.0,0.2,0.1,0.1,0.2
62yZ9a6W530wBwzkCd8grQ,Trompa-Mer,0.0,0.1,0.1,0.0,0.0,0.3,0.2,0.0,0.3
4KHD2L7zRV4eHKSsSqtL1s,Trompa-Mer,0.0,0.125,0.125,0.0,0.125,0.125,0.5,0.0,0.0
0q3gjwNndhBm6ynUlr5lxy,Trompa-Mer,0.0769230769230769,0.0,0.3846153846153846,0.0,0.0,0.2307692307692307,0.2307692307692307,0.0,0.0769230769230769
6BQT6TxyxYxxQ2BSb9TTLG,Trompa-Mer,0.0,0.2,0.0,0.0,0.0,0.2,0.4,0.2,0.0
4cUyHIHEtFAkHGpKcptZSD,Trompa-Mer,0.0,0.0,0.125,0.0,0.0,0.0,0.25,0.25,0.375
3GjH9HaiMz4T2eZMlKES28,Trompa-Mer,0.0,0.0,0.0,0.0,0.0,0.0,0.0,1.0,0.0
4afeZ9svVAqlHT6VYt4T83,Trompa-Mer,0.0,0.0,0.0,0.0,0.0,0.0,1.0,0.0,0.0
3VARQfOcy4URYskaWYgGTL,Trompa-Mer,0.0,1.0,0.0,0.0,0.0,0.0,0.0,0.0,0.0
7igk4Q4vVW72m2aPyTlNhd,Trompa-Mer,0.0,0.0,0.0,0.0,0.0,0.0,0.0,1.0,0.0
0Mn5HGU4t72yCBaisa8ynf,Trompa-Mer,0.0,1.0,0.0,0.0,0.0,0.0,0.0,0.0,0.0
5lbFfkfgUgP3JR54269VOd,Trompa-Mer,0.0,0.0,0.0,0.0,1.0,0.0,0.0,0.0,0.0
4Y9M5wdid77kuW1ircUAZA,Trompa-Mer,0.0,0.0,0.0,0.0,0.0,1.0,0.0,0.0,0.0
3mmKne4HkfYjExiU79Iu1A,Trompa-Mer,0.0,0.0,0.0,0.0,0.0,0.0,1.0,0.0,0.0
1fuXEMTh8qp7lbk8XWFRMl,Trompa-Mer,0.0,0.0,0.0,0.0,0.0,0.0,1.0,0.0,0.0
6GpAcQZTJbkJmNU2KJ2NKa,Trompa-Mer,0.0,0.0,0.0,0.0,0.0,1.0,0.0,0.0,0.0
6HJhgsBH1X66AAP1Zoh4Aa,Trompa-Mer,0.0,0.0,0.0,0.0,0.0,0.0,0.0,0.0,1.0
5If50NnehMpnjnCY9Biwk9,Trompa-Mer,0.0,0.0,1.0,0.0,0.0,0.0,0.0,0.0,0.0
1ombx8R3gSgsgtiKDdMQXm,Trompa-Mer,0.0,0.0,1.0,0.0,0.0,0.0,0.0,0.0,0.0
7BVLM729wsbZ74O4v2F8e6,Trompa-Mer,0.0,0.0,1.0,0.0,0.0,0.0,0.0,0.0,0.0
026qZ5acPeMcd8SEo9C7JG,Trompa-Mer,0.0,0.0,0.125,0.0,0.0,0.0,0.0,0.25,0.625
4zgOjpfmEszhtx3sx8r6jk,Trompa-Mer,0.0,0.0,0.0,0.0,0.0,0.0,0.0,1.0,0.0
6tT0PFnoFN1WWrO4at4h7w,Trompa-Mer,0.0,0.0,0.0,0.0,0.0,0.0,0.0,0.0,1.0
3tgP8FD18wjaKKXHNQreEG,Trompa-Mer,0.0,0.0,0.0,0.0,0.0,0.0,0.0,0.0,1.0
57JPMlmvqLK5X7EZUj6rfd,Trompa-Mer,0.0,0.0,0.0,0.0,0.0,0.0,0.0,0.0,1.0
16XeWeNlIfVEXyNSg4picj,Trompa-Mer,0.0,0.0,0.0,0.0,0.0,0.0,0.0,0.0,1.0
5iG2Xk9gQH5Vv8oLFKUg9C,Trompa-Mer,0.0,0.0,1.0,0.0,0.0,0.0,0.0,0.0,0.0
2pZ5mZ1Fcte4SEQ4v7pKF9,Trompa-Mer,0.0,0.0,0.0,0.0,0.0,0.0,0.0,0.0,1.0
2hVU6nWU88APN9iXcRZG3t,Trompa-Mer,0.0,1.0,0.0,0.0,0.0,0.0,0.0,0.0,0.0
4x4NkS9KMKEBQTubib8Gau,Trompa-Mer,0.0,1.0,0.0,0.0,0.0,0.0,0.0,0.0,0.0
5i1wCKZQms8RW4C8xCVUA9,Trompa-Mer,0.0,0.0,0.0,0.0,0.0,1.0,0.0,0.0,0.0
1TFE0TEc9ACT0xXPzFv53u,Trompa-Mer,1.0,0.0,0.0,0.0,0.0,0.0,0.0,0.0,0.0
4qxerm408czRjGGatkWBvQ,Trompa-Mer,0.0,0.0,0.0,0.0,0.0,1.0,0.0,0.0,0.0
0kIvaUbLCHmTdm3iP0q2uF,Trompa-Mer,0.0,0.0,0.0,0.0,0.0,0.0,0.0,1.0,0.0
0L9TXvZfJNQ59sMEBa75aF,Trompa-Mer,0.0,0.0,0.0,0.0,0.0,0.0,0.0,0.0,1.0
2K1cSORoG0qwsATaSPVhhd,Trompa-Mer,0.0,0.0,0.0,0.0,0.0,0.0,1.0,0.0,0.0
3sjHMJScVx9GiRflGC3N0x,Trompa-Mer,0.0,0.0,0.0,0.0,0.0,0.0,1.0,0.0,0.0
615ddYkivEPX9fMCBW44Qs,Trompa-Mer,0.0,0.0,0.0,0.0,0.0,0.0,0.0,0.5,0.5
6W8bHI5wFlbSFUGNTKVKfY,Trompa-Mer,0.0,0.0,0.0,0.0,1.0,0.0,0.0,0.0,0.0
6AvtZNE7PPS1QzlDtP3C9r,Trompa-Mer,0.0,0.0,0.0,0.0,0.0,0.0,0.0,0.0,1.0
3PZmQEAlpMMB8a5sOxZWOQ,Trompa-Mer,0.0,0.0,0.0,0.0,0.0,0.0,0.0,0.0,1.0
1xaQtv0P35icEB96SfJBa2,Trompa-Mer,0.0,1.0,0.0,0.0,0.0,0.0,0.0,0.0,0.0
7BzcSCuVd6HIBivdiwmKOv,Trompa-Mer,0.0,0.0,0.0,0.0,0.0,1.0,0.0,0.0,0.0
4LYWpHq4k6M5IYFDK4AjmK,Trompa-Mer,0.05,0.0142857142857142,0.0214285714285714,0.0,0.0071428571428571,0.0142857142857142,0.8642857142857143,0.0142857142857142,0.0142857142857142
1QfuQ3WXQlh8xKKz9zGdOu,Trompa-Mer,0.0217391304347826,0.2391304347826087,0.0652173913043478,0.0,0.2898550724637681,0.1014492753623188,0.036231884057971,0.0507246376811594,0.1956521739130435
65mzay1qpkonZeZ5vg3CNm,Trompa-Mer,0.1690140845070422,0.0,0.0,0.0,0.0140845070422535,0.2112676056338028,0.1126760563380281,0.4929577464788732,0.0
1slphQRhQIw9qGadK6RXAN,Trompa-Mer,0.0,0.0454545454545454,0.0227272727272727,0.0,0.0454545454545454,0.0227272727272727,0.8636363636363636,0.0,0.0
0AgnD6SqI1PZ2foVYhgLY2,Trompa-Mer,0.1702127659574468,0.0,0.0212765957446808,0.0,0.0212765957446808,0.2765957446808511,0.3617021276595745,0.1489361702127659,0.0
4mQeN215yLkfsp4FtibFIV,Trompa-Mer,0.1739130434782608,0.0,0.0,0.0,0.0,0.3043478260869565,0.217391304347826,0.2826086956521739,0.0217391304347826
0bgU12wnOBsOSKwYALZaNt,Trompa-Mer,0.0208333333333333,0.0625,0.0,0.0,0.0625,0.1666666666666666,0.0208333333333333,0.2083333333333333,0.4583333333333333
5LHdiHe2STOGLqCsmvE8J5,Trompa-Mer,0.0,0.0,0.0,0.0,0.0,0.0625,0.0208333333333333,0.8541666666666666,0.0625
51LyQ6hNUA8SYfgUaWyFd6,Trompa-Mer,0.0,0.0416666666666666,0.0,0.0,0.0,0.0208333333333333,0.0,0.0416666666666666,0.8958333333333334
0gut4KjRdBjFWh6Ntqsr2p,Trompa-Mer,0.0,0.0833333333333333,0.0,0.0,0.0416666666666666,0.0208333333333333,0.0208333333333333,0.0416666666666666,0.7916666666666666
0ehijscn7nA2lK0595kXJG,Trompa-Mer,0.0,0.0,0.024390243902439,0.0,0.073170731707317,0.0,0.0,0.073170731707317,0.8292682926829268
1FOyn8GnJaaEeaSBeHIA1s,Trompa-Mer,0.0,0.048780487804878,0.3658536585365853,0.0,0.4146341463414634,0.024390243902439,0.048780487804878,0.048780487804878,0.048780487804878
3ZjI5q4WOJyVD7r4gfhEhv,Trompa-Mer,0.0,0.0,0.3333333333333333,0.0,0.3541666666666667,0.0208333333333333,0.125,0.0,0.1666666666666666
4GTPd683y4bmn0PRc9WjEr,Trompa-Mer,0.0454545454545454,0.2272727272727272,0.1818181818181818,0.0,0.2727272727272727,0.0,0.2727272727272727,0.0,0.0
7vXHGrMdYNF0tiifMt53Dy,Trompa-Mer,0.0384615384615384,0.0,0.0,0.0,0.0,0.3076923076923077,0.5,0.1538461538461538,0.0
5hyYKS4UlJGZjzF3IoaGLJ,Trompa-Mer,0.3478260869565217,0.0,0.0,0.0,0.0,0.2608695652173913,0.3478260869565217,0.0434782608695652,0.0
5dYIevXJe86lA0Ov1mmh7T,Trompa-Mer,0.0,0.0,0.0,0.0,0.0,0.0,0.0869565217391304,0.9130434782608696,0.0
2TU95hgoGKts0OOxPMjvrl,Trompa-Mer,0.074074074074074,0.0,0.0,0.0,0.037037037037037,0.1851851851851851,0.3333333333333333,0.2962962962962963,0.074074074074074
7wbxjBoWQQL7wsS6EEgOJw,Trompa-Mer,0.1071428571428571,0.2142857142857142,0.0,0.0,0.1071428571428571,0.1785714285714285,0.1785714285714285,0.1071428571428571,0.1071428571428571
152YAX7PjfzSL8YQOTXe5f,Trompa-Mer,0.0,0.2,0.0333333333333333,0.0,0.3,0.1666666666666666,0.0,0.1,0.2
5sqYrTCTqA1IWjgKv4vxOt,Trompa-Mer,0.0,0.2142857142857142,0.0714285714285714,0.0,0.1071428571428571,0.0714285714285714,0.1071428571428571,0.0357142857142857,0.3928571428571428
2QNGtrmFLtSavGA5EPUi1u,Trompa-Mer,0.037037037037037,0.1111111111111111,0.037037037037037,0.0,0.037037037037037,0.1851851851851851,0.1481481481481481,0.4074074074074074,0.037037037037037
5lV9bzXhBYRL1MqUicvWNY,Trompa-Mer,0.0416666666666666,0.0,0.0,0.0,0.0416666666666666,0.0,0.0833333333333333,0.8333333333333334,0.0
5pvF7hKdwBRL0QQKCSqmZi,Trompa-Mer,0.0714285714285714,0.0357142857142857,0.0357142857142857,0.0,0.0,0.1071428571428571,0.2857142857142857,0.25,0.2142857142857142
5jCB7MXfknSWouuPZnIlSZ,Trompa-Mer,0.0,0.2307692307692307,0.0384615384615384,0.0,0.2692307692307692,0.0,0.0,0.1153846153846153,0.3461538461538461
1wyJrZjundLcJjJFCWHaaj,Trompa-Mer,0.037037037037037,0.074074074074074,0.0,0.0,0.074074074074074,0.1111111111111111,0.1851851851851851,0.3333333333333333,0.1851851851851851
2VhIYX89AJV2rEpFzyHPAJ,Trompa-Mer,0.0,0.0714285714285714,0.1071428571428571,0.0,0.3928571428571428,0.0,0.0,0.0714285714285714,0.3571428571428571
1xIyQEcnbco2Xi2kpFmQwq,Trompa-Mer,0.0,0.0434782608695652,0.0869565217391304,0.0,0.217391304347826,0.0,0.0,0.0,0.6521739130434783
3zWLGLDtXn84S5YnOJNJWN,Trompa-Mer,0.0333333333333333,0.1333333333333333,0.0666666666666666,0.0,0.1666666666666666,0.0333333333333333,0.1666666666666666,0.1666666666666666,0.2333333333333333
4Fzg2fINfuvfLF3RIdDgkZ,Trompa-Mer,0.0,0.1481481481481481,0.037037037037037,0.0,0.1111111111111111,0.037037037037037,0.1111111111111111,0.037037037037037,0.5185185185185185
6qtEvMImPiolMMFb6JVB2q,Trompa-Mer,0.0,0.037037037037037,0.0,0.0,0.1851851851851851,0.0,0.0,0.1111111111111111,0.6666666666666666
79OvD8Uk5EKoFt5kRfNIxr,Trompa-Mer,0.037037037037037,0.1481481481481481,0.037037037037037,0.0,0.2962962962962963,0.0,0.037037037037037,0.1481481481481481,0.2962962962962963
7rKbARub9Y2wdfgCk8OOCL,Trompa-Mer,0.0384615384615384,0.1153846153846153,0.0384615384615384,0.0,0.1153846153846153,0.0,0.0384615384615384,0.1538461538461538,0.5
5RrNHFDYr7xwJU4Di6Ns9o,Trompa-Mer,0.0909090909090909,0.0,0.0909090909090909,0.0,0.0454545454545454,0.1818181818181818,0.5909090909090909,0.0,0.0
6IS8a7T5zqd1hDZQkpobcP,Trompa-Mer,0.074074074074074,0.0,0.0,0.0,0.0,0.2222222222222222,0.1481481481481481,0.4814814814814814,0.074074074074074
4i9OMFEiXL62m2OriXVtan,Trompa-Mer,0.0833333333333333,0.0416666666666666,0.0,0.0,0.0,0.2083333333333333,0.3333333333333333,0.25,0.0833333333333333
7BNo2o4lNCZHHtbiSrwG3k,Trompa-Mer,0.0,0.2,0.0,0.0,0.0333333333333333,0.2666666666666666,0.1,0.1666666666666666,0.2333333333333333
0faLF4FhS55lO2lrLE2r1l,Trompa-Mer,0.0833333333333333,0.0,0.0,0.0,0.0,0.0833333333333333,0.0416666666666666,0.7083333333333334,0.0833333333333333
0CHQJ0VzghuyunbsToP1Vz,Trompa-Mer,0.0689655172413793,0.1724137931034483,0.0,0.0,0.0689655172413793,0.0689655172413793,0.0689655172413793,0.3103448275862069,0.2413793103448276
6JoJe5zn3pvdwtBc1EOWHd,Trompa-Mer,0.0,0.0416666666666666,0.0833333333333333,0.0,0.2083333333333333,0.0,0.0,0.0416666666666666,0.625
2QQMwyq7TvBuZ8aQZAsZF2,Trompa-Mer,0.125,0.0416666666666666,0.0,0.0,0.0,0.0416666666666666,0.0833333333333333,0.625,0.0833333333333333
2TICIDkyiu7NmVczC4tWyj,Trompa-Mer,0.0,0.0,0.0,0.0,0.04,0.0,0.0,0.4,0.56
3rB5h93plfZW3B3DMDJQf5,Trompa-Mer,0.0,0.0,0.0769230769230769,0.0,0.0384615384615384,0.0,0.0384615384615384,0.1538461538461538,0.6923076923076923
62yH0ofV5045MVZS8iBV2K,Trompa-Mer,0.074074074074074,0.1111111111111111,0.1111111111111111,0.0,0.2592592592592592,0.074074074074074,0.1851851851851851,0.0,0.1851851851851851
6fOL6xjXCP8HN1WKZjdEVk,Trompa-Mer,0.28125,0.125,0.03125,0.0,0.09375,0.0625,0.0,0.25,0.15625
3aYBoCig7uTHMYxyGr3wAy,Trompa-Mer,0.1153846153846153,0.1153846153846153,0.0,0.0,0.0,0.0769230769230769,0.5384615384615384,0.1153846153846153,0.0384615384615384
11uWBIkJDSGhP1vB7zWryz,Trompa-Mer,0.0,0.1153846153846153,0.1153846153846153,0.0,0.2692307692307692,0.0,0.1153846153846153,0.0,0.3846153846153846
16ZdfGO9J16VA6AB7WOPIh,Trompa-Mer,0.12,0.04,0.0,0.0,0.0,0.12,0.64,0.08,0.0
65mzay1qpkonZeZ5vg3CNm,Trompa-Mer,0.1690140845070422,0.0,0.0,0.0,0.0140845070422535,0.2112676056338028,0.1126760563380281,0.4929577464788732,0.0
6x8rdXb1gxj7fNjHtHW2GP,Trompa-Mer,0.0689655172413793,0.0,0.0,0.0,0.0689655172413793,0.2068965517241379,0.3448275862068966,0.1724137931034483,0.1379310344827586
2x1UV95kQQ4uPu1j5E79c1,Trompa-Mer,0.037037037037037,0.1851851851851851,0.037037037037037,0.0,0.074074074074074,0.1851851851851851,0.1481481481481481,0.1111111111111111,0.2222222222222222
31kHSVt0VGt38rg0903Dgj,Trompa-Mer,0.0,0.0,0.0,0.0,0.0,0.4583333333333333,0.25,0.2916666666666667,0.0
4vJxWO3XpcE9agrMwJ30rF,Trompa-Mer,0.0,0.16,0.04,0.0,0.16,0.2,0.12,0.12,0.2
15MWl1GYa2yIQXfYZQldwH,Trompa-Mer,0.04,0.32,0.04,0.0,0.2,0.08,0.24,0.04,0.04
7Dw8gdCKqFs0TRqQ2oEOjc,Trompa-Mer,0.0,0.1111111111111111,0.074074074074074,0.0,0.1111111111111111,0.074074074074074,0.0,0.037037037037037,0.5925925925925926
0jicUl62JnKRdcDFK3zgdE,Trompa-Mer,0.0,0.0416666666666666,0.0,0.0,0.0833333333333333,0.0,0.0,0.125,0.75
7wL0Ik6NgyKop2Nq0p3IPB,Trompa-Mer,0.037037037037037,0.2222222222222222,0.0,0.0,0.1851851851851851,0.074074074074074,0.0,0.1851851851851851,0.2962962962962963
2weOn3S9Ngnqz12J4LJ3xI,Trompa-Mer,0.0,0.0,0.0476190476190476,0.0,0.0,0.0,0.0476190476190476,0.0476190476190476,0.8571428571428571
77uJ4jU8UDiHXUaA5H9xWj,Trompa-Mer,0.0,0.2692307692307692,0.1923076923076923,0.0,0.1538461538461538,0.0769230769230769,0.0,0.1538461538461538,0.1538461538461538
7HoKAXINCEnv8lnqMA1HKx,Trompa-Mer,0.0,0.0,0.1851851851851851,0.0,0.3703703703703703,0.0,0.1851851851851851,0.0,0.2592592592592592
4KuV3snd78C4143lQzbOJm,Trompa-Mer,0.1538461538461538,0.0769230769230769,0.0,0.0,0.0,0.0,0.0,0.3846153846153846,0.3846153846153846
6tUDAhxHNwTdr2k2mQ1u8J,Trompa-Mer,0.0,0.1739130434782608,0.0434782608695652,0.0,0.3478260869565217,0.0,0.0,0.0,0.4347826086956521
7sPmR3SWTfhCX4qJ7HaqnP,Trompa-Mer,0.0,0.0,0.0,0.0,0.0,0.0,1.0,0.0,0.0
0SPRweywD03wII0wKrbM4H,Trompa-Mer,0.0,0.0,0.0,0.0,0.0,0.0,1.0,0.0,0.0
4IVHKHMht44oK1eUdmDMPu,Trompa-Mer,0.0,0.0,0.0,0.0,0.0,0.0,1.0,0.0,0.0
1TwvdP2fQKOJr6fejMdu8T,Trompa-Mer,0.0,0.0,0.0,0.0,0.0,0.0,1.0,0.0,0.0
2ZXvgMJEQvayhSEgeZd7ss,Trompa-Mer,0.0,0.0,0.0,0.0,0.0,0.0,1.0,0.0,0.0
5B9z8tzuRDusKjctuOGZ71,Trompa-Mer,0.0,0.0,0.0,0.0,0.0,0.0,1.0,0.0,0.0
5djsiqc8TERPfHy6wt853D,Trompa-Mer,0.0,0.0,0.1428571428571428,0.0,0.1428571428571428,0.0,0.7142857142857143,0.0,0.0
13G8hYGWfdoJWsauBG9z6l,Trompa-Mer,0.0,0.25,0.0833333333333333,0.0,0.0,0.0833333333333333,0.0,0.1666666666666666,0.4166666666666667
05lArncCXvMB7f95cDRVTi,Trompa-Mer,0.0,0.0,0.0,0.0,0.0,0.0,1.0,0.0,0.0
7h9VcY0dnEhFeZjvPXmG4y,Trompa-Mer,0.0,0.0,0.0,0.0,0.0,0.5,0.5,0.0,0.0
0rWM5wpSlXxVufYX6gmgsJ,Trompa-Mer,0.0,0.0,0.0,0.0,0.0,0.0,1.0,0.0,0.0
6exS6oFxPzvlu9TdC1AipK,Trompa-Mer,0.0,0.0,0.0,0.0,0.0,0.0,0.0,1.0,0.0
1yYVh9P32dkDowxATzuwpM,Trompa-Mer,0.2857142857142857,0.0,0.0,0.0,0.1428571428571428,0.0,0.4285714285714285,0.0,0.1428571428571428
313OGD3ZgcMNSW78MIgLU2,Trompa-Mer,0.0,0.0,0.0,0.0,0.0,0.0,1.0,0.0,0.0
2soB0LBJUMAn4u7mtLstAp,Trompa-Mer,0.0,0.0,0.0,0.0,0.0,0.0,1.0,0.0,0.0
2TdpGmTV28dk9XPJhHq1h1,Trompa-Mer,0.0,0.0,0.0,0.0,0.0,0.0,1.0,0.0,0.0
3kferTMZPaSIU2dMD8iC9h,Trompa-Mer,1.0,0.0,0.0,0.0,0.0,0.0,0.0,0.0,0.0
652pCTWaUT7h0VSZTVRR8D,Trompa-Mer,0.0,0.0,0.0,0.0,0.0,0.25,0.25,0.5,0.0
5Jj4dLJSNjJ6u34N0PLmat,Trompa-Mer,0.125,0.0,0.125,0.0,0.0,0.25,0.5,0.0,0.0
0BjX2M40sE835swK7I6DpX,Trompa-Mer,0.0,0.0,0.2727272727272727,0.0,0.0909090909090909,0.0909090909090909,0.3636363636363636,0.0,0.1818181818181818
7xVufW28g4qYZ5Yjx8ogVv,Trompa-Mer,0.0,0.0,0.0,0.0,0.0,0.625,0.375,0.0,0.0
6NzhUKCZNIOTCY5maTeHVk,Trompa-Mer,0.0,0.0,0.0,0.0,0.0,0.0,0.0,0.0,1.0
5EY7EpFvKOQLViJqrSZ4uo,Trompa-Mer,0.0,0.0,0.0,0.0,0.0,0.0,0.5,0.5,0.0
3fHV9JUITZcOUvmoVzr3gK,Trompa-Mer,0.0,0.0,0.0,0.0,0.3333333333333333,0.0,0.0,0.3333333333333333,0.3333333333333333
5ZPiSiA9nVszZ09ooK2Ko1,Trompa-Mer,0.0,0.0,0.0,0.0,0.0,0.0,0.3333333333333333,0.0,0.6666666666666666
08X2xorkalkZHa59GMNDaa,Trompa-Mer,0.0,0.0,0.0,0.0,0.0,0.0,0.6666666666666666,0.0,0.3333333333333333
6IiieQBuw5SdTITGPNT974,Trompa-Mer,0.0,0.0,0.0,0.0,1.0,0.0,0.0,0.0,0.0
3TqAlRJ0smaIdESwakd4wc,Trompa-Mer,0.3333333333333333,0.0,0.0,0.0,0.0,0.0,0.0,0.6666666666666666,0.0
5rk0DptecCJPcFdJYJrhok,Trompa-Mer,0.0952380952380952,0.1904761904761904,0.1428571428571428,0.0,0.0952380952380952,0.1428571428571428,0.1428571428571428,0.0,0.1904761904761904
3Os0sJPFx0SaPxKIUMlqmY,Trompa-Mer,0.0625,0.125,0.0,0.0,0.0625,0.1875,0.125,0.125,0.3125
5sjMWzhRS0mTFisWNUx337,Trompa-Mer,0.0,0.0,0.1428571428571428,0.0,0.1428571428571428,0.0,0.0,0.0,0.7142857142857143
758lZ3ZbLkkGFwxTNGKB9I,Trompa-Mer,0.0909090909090909,0.0,0.0,0.0,0.3636363636363636,0.0,0.1818181818181818,0.0,0.3636363636363636
1uz8Y3UavuSY4AEkF7xF0k,Trompa-Mer,0.0833333333333333,0.0,0.0,0.0,0.0,0.25,0.0833333333333333,0.3333333333333333,0.25
3JIKbZm4XjwM2BcuK5pSHw,Trompa-Mer,0.0,0.0,0.0,0.0,0.4285714285714285,0.0,0.5714285714285714,0.0,0.0
2xNeCP7pH82E2Li2gXo4VV,Trompa-Mer,0.0,0.1538461538461538,0.0,0.0,0.0,0.0769230769230769,0.4615384615384615,0.0769230769230769,0.2307692307692307
1lWQ9XVCYdWk62etZzbcIs,Trompa-Mer,0.25,0.0,0.0,0.0,0.0,0.375,0.125,0.125,0.125
1hDbeAdNYLVO5ua3Nc1TbJ,Trompa-Mer,0.0,0.375,0.0,0.0,0.125,0.0,0.0,0.0,0.5
29qoNt4XbpreA02AImuooi,Trompa-Mer,0.0,0.0,0.05,0.0,0.15,0.1,0.2,0.05,0.45
4P6OAIjrIYtOn0HMnj3tDG,Trompa-Mer,0.0,0.0,0.0,0.0,0.0,0.0,0.0,0.0,1.0
5jwU4TRUicTo65kUMvGzvR,Trompa-Mer,0.0,0.0,0.0,0.0,0.0,0.0,0.0,0.0,1.0
4dp20IS5snodx3wJ69I0gH,Trompa-Mer,0.0,0.0,0.0,0.0,0.0,0.0,0.0,1.0,0.0
4hootFREytQ1Kcv2Dvv3cw,Trompa-Mer,0.0,0.0,0.0,0.0,0.0,0.5,0.0,0.0,0.5
4eed6wmp3lxsJ9ydNYTSad,Trompa-Mer,0.0,0.0,0.0,0.0,0.0,0.0,0.0,0.0,1.0
6qnnmG1W4Vz3hbl6dEHzwn,Trompa-Mer,0.0,0.0,0.0,0.0,0.5,0.0,0.3333333333333333,0.0,0.1666666666666666
5jt6lCZxxbmPkLxo1Fk00v,Trompa-Mer,0.0,0.0,0.0,0.0,0.0,0.0,0.0,0.0,1.0
4h0xHAXxCuPHkEQTrc27X2,Trompa-Mer,0.0,0.0,0.0,0.0,0.0,0.0,1.0,0.0,0.0
6luGztVGxfGDfaqpONWUAS,Trompa-Mer,0.0,0.0,0.0,0.0,0.0,0.0,0.0,0.5,0.5
2BrC1XXAtFOthCgMx2ug1X,Trompa-Mer,0.0,0.5,0.0,0.0,0.0,0.0,0.0,0.0,0.5
1OPOUdIqkgwJZWfXkpeuwr,Trompa-Mer,0.0,0.0,1.0,0.0,0.0,0.0,0.0,0.0,0.0
3KCpRcVd0pdzjAUzaTcKDG,Trompa-Mer,0.0,0.0,0.0,0.0,0.0,0.3333333333333333,0.6666666666666666,0.0,0.0
3kB99GcFnk0XalCBZ4Jf7Z,Trompa-Mer,0.0,0.0,0.0,0.0,0.0,0.5,0.0,0.5,0.0
1OPOUdIqkgwJZWfXkpeuwr,Trompa-Mer,0.0,0.0,1.0,0.0,0.0,0.0,0.0,0.0,0.0
33b3gHwhE1shXvC7vMRGmw,Trompa-Mer,0.3333333333333333,0.0,0.0,0.0,0.0,0.0,0.6666666666666666,0.0,0.0
0x4ckbw7JvhzQhWhwoUUCZ,Trompa-Mer,0.0,0.0,0.0,0.0,0.0,0.6666666666666666,0.3333333333333333,0.0,0.0
6tj8vIFnmIU8eZwB4Yeee3,Trompa-Mer,0.5,0.0,0.0,0.0,0.0,0.0,0.5,0.0,0.0
6YH84kJLy8MjklkPou2cO5,Trompa-Mer,0.0,0.0,0.0,0.0,0.0,0.0,1.0,0.0,0.0
5Pq2kwL69NeYg9HfCh2qCt,Trompa-Mer,0.0,0.0,0.0,0.0,0.0,0.0,1.0,0.0,0.0
11jFIHTk7MTTqy5GbtgIaV,Trompa-Mer,0.0,0.0,0.0,0.0,0.0,0.0,1.0,0.0,0.0
5grVq0bcVjolawTayNrXuR,Trompa-Mer,1.0,0.0,0.0,0.0,0.0,0.0,0.0,0.0,0.0
0bSQYPv5vbbo5oH9aqapNu,Trompa-Mer,0.0,0.0,0.0,0.0,0.0,0.0,0.0,1.0,0.0
6ElvPsE6B0s4opKwqxNXF4,Trompa-Mer,0.0,0.0,0.6666666666666666,0.0,0.3333333333333333,0.0,0.0,0.0,0.0
5YIH3LZZekwwObHNKiIsGc,Trompa-Mer,0.0,0.0,0.5,0.0,0.0,0.0,0.0,0.0,0.5
3zrxbLq9mUm8TmLO4CNXnX,Trompa-Mer,0.0,0.0,0.0,0.0,0.0,0.0,1.0,0.0,0.0
04iFNUN7gLqoICY9WGHxM1,Trompa-Mer,0.5,0.0,0.0,0.0,0.0,0.0,0.5,0.0,0.0
3nXnsZcnFqVFIuUIJaq0ga,Trompa-Mer,0.0,0.0,0.0,0.0,0.0,0.0,1.0,0.0,0.0
0pQPmDWGZNUcm7YInajvAh,Trompa-Mer,0.25,0.0,0.0,0.0,0.25,0.0,0.5,0.0,0.0
3pNJLq5fdgaRWCrdCyazT4,Trompa-Mer,0.0,0.0,0.0,0.0,0.0,0.0,1.0,0.0,0.0
10GswzjpD8kZIwFYws3fzI,Trompa-Mer,0.0,0.0,0.0,0.0,0.0,0.0,1.0,0.0,0.0
3mpatgs2GhrakuIIMmz3bQ,Trompa-Mer,0.0,0.0,0.0,0.0,0.0,0.0,1.0,0.0,0.0
47mwte56hOwGsvTggsWqmP,Trompa-Mer,0.0,0.0,0.0,0.0,0.0,0.0,1.0,0.0,0.0
3b7Ux4bJbeFLqSOZOZpt0A,Trompa-Mer,0.0,0.0,0.0,0.0,0.0,0.0,1.0,0.0,0.0
5i2T1E1lbD8gYgIkOmSEuY,Trompa-Mer,0.0,0.0,0.0,0.0,0.0,0.5,0.5,0.0,0.0
7zmsA9ANwgRyzquJKOCyly,Trompa-Mer,0.0,0.0,0.0,0.0,0.0,1.0,0.0,0.0,0.0
1n441XV55b21VveSUSA1SA,Trompa-Mer,0.0,0.0,0.0,0.0,0.0,0.0,1.0,0.0,0.0
0Fd5qH2K7UsQh4MU3MB17m,Trompa-Mer,0.1,0.1,0.1,0.0,0.4,0.0,0.2,0.0,0.1
0w7F4Q5zDFGGScrrGPYQzq,Trompa-Mer,0.5,0.0,0.0,0.0,0.0,0.0,0.5,0.0,0.0
2jCvqqyyAAcB4criwqQOtX,Trompa-Mer,0.0,0.0,0.3333333333333333,0.0,0.6666666666666666,0.0,0.0,0.0,0.0
1n441XV55b21VveSUSA1SA,Trompa-Mer,0.0,0.0,0.5,0.0,0.5,0.0,0.0,0.0,0.0
2yUtPf8Zf1FpG9m3FTiZAa,Trompa-Mer,0.5,0.0,0.5,0.0,0.0,0.0,0.0,0.0,0.0
2S6FyNne8WE8ePfpKgX8IM,Trompa-Mer,0.0,0.0,0.0,0.0,0.0,1.0,0.0,0.0,0.0
7umnp2OFFirj13AEMubBwO,Trompa-Mer,0.0,0.0,0.0,0.0,0.5,0.0,0.0,0.5,0.0
3tYj8cE1pm2qnkASMSV6sm,Trompa-Mer,0.0,0.0,0.1666666666666666,0.0,0.1666666666666666,0.0,0.6666666666666666,0.0,0.0
7rIxY4Z9EkztUGsHt30KTs,Trompa-Mer,0.0,0.5,0.0,0.0,0.0,0.0,0.0,0.0,0.5
5hO3HgwIygwqjkGsw6wdP3,Trompa-Mer,0.0,0.0,0.0,0.0,0.0,0.0,1.0,0.0,0.0
5tupyoV6KPwBzLx7XuimRK,Trompa-Mer,0.0,0.0,0.0,0.0,0.0,0.0,0.5,0.0,0.5
4mtd0ysSMgb2k6Ht8FUEfX,Trompa-Mer,0.0,0.0,0.0,0.0,0.0,0.0,1.0,0.0,0.0
4goOSaHDYLMxpklZ4UIBf2,Trompa-Mer,0.0,0.0,0.0,0.0,0.0,0.0,1.0,0.0,0.0
6gREcNU5xgRRMMInq69JEL,Trompa-Mer,0.0,0.3333333333333333,0.3333333333333333,0.0,0.0,0.3333333333333333,0.0,0.0,0.0
7ql1xbJRwO3dRw5tMVitrJ,Trompa-Mer,0.0,0.0,0.0,0.0,0.0,0.6666666666666666,0.3333333333333333,0.0,0.0
59XdJFeK9v4SEF01YshDdO,Trompa-Mer,0.0,0.0,0.0,0.0,0.0,0.5,0.0,0.5,0.0
0bk9UQHS4uqTRH8sq9c66r,Trompa-Mer,0.0,0.0,0.0,0.0,0.0,0.0,1.0,0.0,0.0
54PplfjgwltKQkWoyW2u9O,Trompa-Mer,0.0,0.0,0.0,0.0,0.0,0.3333333333333333,0.0,0.3333333333333333,0.3333333333333333
7pMVdV8Q38X7Bn4uHteDV6,Trompa-Mer,0.0,0.0,0.0,0.0,0.0,0.0,0.5,0.0,0.5
4DUWzUSKl3WsnsjWRIVwuK,Trompa-Mer,0.0,0.0,0.0,0.0,0.0,0.0,0.0,0.0,1.0
4x2zdTQHBog8nSUMkQVtoq,Trompa-Mer,0.0,0.0,0.0,0.0,0.0,0.0,0.0,0.5,0.5
5Qz4JKkxfMXQ8LlP7NaMns,Trompa-Mer,0.0,0.0,0.0,0.0,0.0,0.0,0.0,0.0,1.0
4h3IFxTzKNeuD40bqtjH7l,Trompa-Mer,0.0,0.0,0.0,0.0,0.0,0.0,0.0,0.0,1.0
7rRgtZKPTcdbDYUFj5cZ8V,Trompa-Mer,0.0833333333333333,0.0,0.0833333333333333,0.0,0.3333333333333333,0.25,0.0,0.0833333333333333,0.1666666666666666
3UjdZFsDzYXLmculUTln8o,Trompa-Mer,0.0,0.0,0.0,0.0,0.0,1.0,0.0,0.0,0.0
3GLSlNVBQFltlTE7rGKIPc,Trompa-Mer,0.0,0.0,0.3333333333333333,0.0,0.0,0.0,0.6666666666666666,0.0,0.0
4afeZ9svVAqlHT6VYt4T83,Trompa-Mer,0.0,0.0,0.0,0.0,0.0,0.0,1.0,0.0,0.0
1EjpWmaYLCMhSRtqftMQRq,Trompa-Mer,0.5,0.0,0.5,0.0,0.0,0.0,0.0,0.0,0.0
1XGeGlG2vjQtgPSNOTlTas,Trompa-Mer,0.0,0.0,0.3333333333333333,0.0,0.0,0.3333333333333333,0.0,0.3333333333333333,0.0
6s558VuXmEeFXIG2L527ep,Trompa-Mer,0.0,0.0,0.0,0.0,0.0,0.0,1.0,0.0,0.0
4czvSiTLl5vOgHmHA1lida,Trompa-Mer,0.0,0.0,0.0,0.0,1.0,0.0,0.0,0.0,0.0
67svDyHuaWENLGwtcKUmNy,Trompa-Mer,0.0,0.0,0.25,0.0,0.5,0.0,0.25,0.0,0.0
1fdGnYSaqiKsfHyAeAEOWz,Trompa-Mer,0.0,0.0,0.0,0.0,0.0,0.0,0.0,0.0,1.0
5zTBUCUuIeOaUdHaEGkDTL,Trompa-Mer,0.0,0.0,0.5,0.0,0.0,0.0,0.0,0.0,0.5
1Tp8XjcZl62Pyybgm1Eq6l,Trompa-Mer,0.0,0.0,0.0,0.0,1.0,0.0,0.0,0.0,0.0
2hUGKfWp2XxZqNKrQYpQZ2,Trompa-Mer,0.0,0.0,0.0,0.0,0.0,0.0,0.0,0.0,1.0
50OBl3Z8SJUfYIgmNvpMPR,Trompa-Mer,0.0,0.0,0.0,0.0,0.0,0.0,0.0,0.0,1.0
0atZgCHkteao7V1bkn80LH,Trompa-Mer,0.0,0.0,0.0,0.0,0.0,0.0,0.0,0.0,1.0
6znU4uVOKgC1EzhusTEbrc,Trompa-Mer,0.0,0.3333333333333333,0.0,0.0,0.0,0.0,0.0,0.0,0.6666666666666666
4cYjzQZUX5gferbdOBzmz6,Trompa-Mer,0.0,0.0,0.0,0.0,0.0,1.0,0.0,0.0,0.0
333tUNQ441MezoiBaB1Frt,Trompa-Mer,0.0,0.0,0.0,0.0,0.0,0.0,0.0,0.0,1.0
6dJHoXkjNbHSJKZ2dLrBgW,Trompa-Mer,0.0,0.0,0.0,0.0,0.0,0.0,0.0,0.0,1.0
0Hd24ad9U8EktoHYEQAdG1,Trompa-Mer,0.0,0.0,0.0,0.0,0.0,0.0,0.0,1.0,0.0
4VvzZJHForqSUN7BRHcqFM,Trompa-Mer,0.1428571428571428,0.0,0.0,0.0,0.1428571428571428,0.1428571428571428,0.4285714285714285,0.0,0.1428571428571428
3rKrypBgAbjWzSN9ajvyXE,Trompa-Mer,0.0,0.0,0.0,0.0,0.0,0.6666666666666666,0.3333333333333333,0.0,0.0
6z2PGu5QsAVYjB5fNXdRzt,Trompa-Mer,0.0,0.0,0.0,0.0,0.0,1.0,0.0,0.0,0.0
7j2sZarYV82rwC2qIf7XjQ,Trompa-Mer,0.0,0.0,0.0,0.0,0.0,0.0,1.0,0.0,0.0
1kIUlJdTXhh1YbrCYUpE3E,Trompa-Mer,0.0,0.0,0.0,0.0,0.0,1.0,0.0,0.0,0.0
7aj72frVkPlfEwj5Uppa8K,Trompa-Mer,0.0,0.0,0.5,0.0,0.0,0.0,0.5,0.0,0.0
3MjKCGmpHW7w6GoyCDPceE,Trompa-Mer,0.0,0.0,0.0,0.0,0.0,0.0,0.0,0.0,1.0
6xKts3hmF9Dl0gy10SFzAu,Trompa-Mer,0.0,0.0,0.0,0.0,0.0,0.0,1.0,0.0,0.0
06ZEK0BzTb5i1hUAyWm8Ih,Trompa-Mer,0.0,0.0,0.5,0.0,0.0,0.0,0.0,0.0,0.5
0VC8hwUZniePxwic1ew4he,Trompa-Mer,0.3333333333333333,0.3333333333333333,0.0,0.0,0.0,0.0,0.0,0.0,0.3333333333333333
2f1o50qMVyK9N2uqm4k2MQ,Trompa-Mer,0.0,0.0,0.0,0.0,0.0,0.0,1.0,0.0,0.0
3BxVGsCpJGdecoS7DLAL7C,Trompa-Mer,0.0,0.0,0.0,0.0,0.0,0.0,0.0,1.0,0.0
2pXuhRORtSU8iDD7P4MUvb,Trompa-Mer,0.0,0.0,0.0,0.0,0.0,0.0,0.0,0.0,1.0
3tKBNIFzpuCqGpAz5BQBpD,Trompa-Mer,0.0,0.0,0.0,0.0,0.0,0.0,0.0,0.0,1.0
5jUEFmi1JNuz4BUYfRRWyf,Trompa-Mer,0.0,0.0,0.0,0.0,0.0,0.0,0.0,0.0,1.0
3ONNA9NZP1vDY6ldBhsOFO,Trompa-Mer,0.0,0.0,0.0,0.0,0.0,0.0,0.0,0.0,1.0
740lvg9PUjGa6CeS6Hv8Zn,Trompa-Mer,0.0,0.0,0.0,0.0,0.0,0.0,0.0,1.0,0.0
5LU2tZh6T3x61X9o6Q9TtL,Trompa-Mer,0.0,0.0,1.0,0.0,0.0,0.0,0.0,0.0,0.0
7DvrUmhzdoc5HIxtfsKUX7,Trompa-Mer,0.0,0.0,0.0,0.0,0.0,0.0,0.0,1.0,0.0
5wNT4rI7NaOyqVl1rHGKDu,Trompa-Mer,0.0,0.0,0.0,0.0,0.0,0.0,0.0,1.0,0.0
04pgSH9zPo6yGvGR0XkUIT,Trompa-Mer,0.0,0.0,0.0,0.0,0.0,0.0,0.0,0.0,1.0
0Sx0InPyzbGqET8R04CXZk,Trompa-Mer,0.0,1.0,0.0,0.0,0.0,0.0,0.0,0.0,0.0
1pLcPVSCmxs7AKFs6agb8e,Trompa-Mer,0.0,0.5,0.0,0.0,0.0,0.0,0.0,0.0,0.5
6f8VnbFhjEjVM82cP8iPnq,Trompa-Mer,0.0,0.0,0.0,0.0,0.0,0.0,0.0,0.0,1.0
6H717IsF7tMX6VKbjj502T,Trompa-Mer,0.0,0.0,0.0,0.0,0.0,0.0,0.0,1.0,0.0
0W3lnLMzsAPZmqUVlnbcFX,Trompa-Mer,0.0,0.0,0.0,0.0,0.0,0.0,0.0,0.0,1.0
6qKmZVQeLR9kyPGNgbsadR,Trompa-Mer,0.0,0.0,0.0,0.0,1.0,0.0,0.0,0.0,0.0
37PRvaLuH6LQ1RH8ZTVITU,Trompa-Mer,0.0,0.0,0.0,0.0,1.0,0.0,0.0,0.0,0.0
5Se8dgnLTJHKeW5CXQFagI,Trompa-Mer,0.0,0.0,0.0,0.0,0.0,0.0,0.0,1.0,0.0
0ojxVMbjgnMBHysYrlQjaO,Trompa-Mer,0.0,0.0,0.0,0.0,0.0,0.0,0.0,0.0,1.0
2YyqisI67dyjyKRryTMtth,Trompa-Mer,0.0,0.0,0.0,0.0,0.0,0.5,0.0,0.5,0.0
6TBNZonyZbj1UIJJu6ertG,Trompa-Mer,0.0,0.0,0.0,0.0,0.0,0.0,0.0,1.0,0.0
12IvSp1bU5gcx6RRCtkvr0,Trompa-Mer,1.0,0.0,0.0,0.0,0.0,0.0,0.0,0.0,0.0
0RVakKHgqiOZOJSnXq3Sqk,Trompa-Mer,0.0,0.0,0.0,0.0,0.0,0.0,1.0,0.0,0.0
7fWlu4wDVBbspdWqezWocs,Trompa-Mer,0.0,0.0,0.0,0.0,0.0,1.0,0.0,0.0,0.0
6JLn8QoqSAqvqy6Je4G27P,Trompa-Mer,0.0,0.0,0.0,0.0,0.0,0.0,0.0,1.0,0.0
2qUrVEQLiT6PagGJHcM6fX,Trompa-Mer,0.0,0.0,0.0,0.0,0.0,0.0,0.0,0.0,1.0
1OQuapYpOVDtnPY7K4xrgP,Trompa-Mer,0.0,0.3333333333333333,0.0,0.0,0.6666666666666666,0.0,0.0,0.0,0.0
58gg2XzmmeX50c7XQVUpcy,Trompa-Mer,0.0,0.0,0.0,0.0,0.3333333333333333,0.0,0.0,0.0,0.6666666666666666
0XDlVrqggDH5LYoQpUDltV,Trompa-Mer,0.0,0.0,0.0,0.0,0.0,0.0,0.0,0.0,1.0
5pqEjS1nz8wvRzgitNI8mk,Trompa-Mer,0.0,0.0,0.0,0.0,0.0,0.0,0.0,1.0,0.0
7wuMwC1tbCfskyqiMt5yTd,Trompa-Mer,0.0,0.0,0.0,0.0,0.0,0.0,0.0,1.0,0.0
2dZh0iGwmzUTY8aKWJKMpT,Trompa-Mer,0.0,0.0,0.0,0.0,0.0,0.0,0.0,1.0,0.0
174xSa0dQWMBpJYZmb0pFk,Trompa-Mer,1.0,0.0,0.0,0.0,0.0,0.0,0.0,0.0,0.0
1aSwrwHI2WuBrIWWc2SNSS,Trompa-Mer,0.0,0.0,0.0,0.0,0.5,0.0,0.0,0.5,0.0
3tHOrVk0XFDvaBw7LTTKJe,Trompa-Mer,0.0,0.3333333333333333,0.0,0.0,0.6666666666666666,0.0,0.0,0.0,0.0
0skkPAL5GCC8lTnopb6Hbb,Trompa-Mer,0.0,0.0,0.0,0.0,0.0,0.0,0.0,0.5,0.5
1q3NQj58dB1HVMt028o1MF,Trompa-Mer,0.0,0.0,0.0,0.0,1.0,0.0,0.0,0.0,0.0
3a7f8uqWVnHaMtz8q1rcdr,Trompa-Mer,0.0,1.0,0.0,0.0,0.0,0.0,0.0,0.0,0.0
79gi17KK3n95eqru1U6yTG,Trompa-Mer,0.0,0.0,0.0,0.0,1.0,0.0,0.0,0.0,0.0
7wc3wkDtLObYo4Iu5ywshC,Trompa-Mer,0.0,0.0,0.0,0.0,0.0,0.0,0.0,0.0,1.0
27obfTHef7okGrDZPgGjmv,Trompa-Mer,0.0,0.0,0.0,0.0,0.0,0.0,0.0,1.0,0.0
6kK6e9MlE14q1iHYIE06Jc,Trompa-Mer,0.0,0.0,0.0,0.0,1.0,0.0,0.0,0.0,0.0
0Rk788LDbCBz2j0j8HbMar,Trompa-Mer,0.0,0.0,0.5,0.0,0.0,0.0,0.5,0.0,0.0
4PQcpuXtjA1OGO9tcnbDSH,Trompa-Mer,0.0,0.0,0.0,0.0,0.0,0.0,0.0,0.0,1.0
21FoPJ0XKfnKwnxIsf69wi,Trompa-Mer,0.0,1.0,0.0,0.0,0.0,0.0,0.0,0.0,0.0
3W8O3KKHnSuD9eU0jGHv5C,Trompa-Mer,0.0,0.5,0.0,0.0,0.0,0.0,0.0,0.5,0.0
0yVudRHRg77hP1rEEwp51e,Trompa-Mer,0.0,0.0,0.0,0.0,1.0,0.0,0.0,0.0,0.0
6to1qA88JlcGTWLv0cvvru,Trompa-Mer,0.0,0.0,0.0,0.0,0.0,0.0,1.0,0.0,0.0
3feXhhA5ARBStrrZIq5XAm,Trompa-Mer,0.3333333333333333,0.0,0.0,0.0,0.0,0.0,0.0,0.0,0.6666666666666666
4VcJUuPQJTCupNHevlxW8R,Trompa-Mer,0.0,0.0,0.0,0.0,1.0,0.0,0.0,0.0,0.0
0TW2XLh5ONMOpA6Mf4JXSp,Trompa-Mer,0.0,0.0,0.0,0.0,0.0,0.0,0.0,1.0,0.0
4TIB1KsGYbx1nogXgeGLEJ,Trompa-Mer,0.0,0.0,0.0,0.0,0.0,0.0,0.0,1.0,0.0
3TdWv4oZvTiDsFb71RryPq,Trompa-Mer,0.0,0.0,0.0,0.0,0.0,0.0,0.0,1.0,0.0
3Ter5oa5CrXYIlznClc0x5,Trompa-Mer,0.0,0.0,0.0,0.0,0.0,0.0,1.0,0.0,0.0
5MUgBNGDvej9S3z65uRYvl,Trompa-Mer,0.0,0.0,0.0,0.0,0.5,0.0,0.0,0.0,0.5
15tXEvJGaHZaRDN7s0KvjT,Trompa-Mer,0.0,0.0,0.0,0.0,0.0,1.0,0.0,0.0,0.0
1RmBztBCZbLt8OIqbtK6gF,Trompa-Mer,0.0,0.0,0.0,0.0,0.0,0.5,0.0,0.5,0.0
4sGIAKF9ZebdeemB9mWy1V,Trompa-Mer,0.0,0.5,0.0,0.0,0.0,0.0,0.5,0.0,0.0
6vFTcJ2nUXuJIIy5wtF4Dx,Trompa-Mer,0.0,0.0,0.0,0.0,0.0,0.5,0.0,0.5,0.0
4rugjFRLbZb2IQs0UhhBrh,Trompa-Mer,0.0,0.0,0.0,0.0,0.0,0.0,0.0,1.0,0.0
6kImA90CJMatZyEKJPwx8O,Trompa-Mer,0.2222222222222222,0.1111111111111111,0.0,0.0,0.0,0.0,0.0,0.6666666666666666,0.0
7dAiCpxN4cScoE5npxiINM,Trompa-Mer,0.0,0.0,0.0,0.0,0.0,0.0,0.0,1.0,0.0
0P7PCkKyY7iINIWOY8i6wT,Trompa-Mer,0.0,0.0,0.5,0.0,0.0,0.5,0.0,0.0,0.0
04F7Y1amF3e3PJQTBNNuHz,Trompa-Mer,0.0,0.0,0.0,0.0,0.0,0.0,0.0,0.0,1.0
6QcdpaUxTXQKYBeGwDnIPZ,Trompa-Mer,0.0,0.0,0.0,0.0,0.0,0.0,0.0,0.0,1.0
5dlAGQZdBI3mbOLzAgbevb,Trompa-Mer,0.0,0.0,0.0,0.0,0.0,0.0,0.0,1.0,0.0
14rtSRzEsu2xOOVtv9pqHK,Trompa-Mer,0.0,0.0,0.0,0.0,0.0,0.0,0.0,1.0,0.0
4rSMILvr9UZ0K2tjcAd7jz,Trompa-Mer,0.0,1.0,0.0,0.0,0.0,0.0,0.0,0.0,0.0
3cq0j3OQ2iSlbvyQxBsmol,Trompa-Mer,0.0,0.0,0.0,0.0,0.0,1.0,0.0,0.0,0.0
6ZEmjcKnZvbWV2qBvDR3rm,Trompa-Mer,0.0,0.0,0.0,0.0,0.0,0.0,0.0,1.0,0.0
6vioGmo7SKra80FKdfo8o6,Trompa-Mer,0.0,0.0,0.0,0.0,0.0,0.0,0.0,0.5,0.5
2XKHS9QIMw9QJ1hYeW9kNw,Trompa-Mer,0.0,0.0,0.0,0.0,0.0,1.0,0.0,0.0,0.0
1AlPA6TQ6yHYetqgPuAmUC,Trompa-Mer,0.0,1.0,0.0,0.0,0.0,0.0,0.0,0.0,0.0
2fR9oemdW4IRBxbzr1izHp,Trompa-Mer,0.0,1.0,0.0,0.0,0.0,0.0,0.0,0.0,0.0
5coueTpjwJaxqX3L3O4JdP,Trompa-Mer,0.0,0.0,0.0,0.0,0.0,0.0,0.0,0.0,1.0
6Y2qQjwjjs1e0bvI5ANLee,Trompa-Mer,0.0,0.0,0.0,0.0,0.5,0.0,0.0,0.0,0.5
6NX4Dir73H4psL6kyWCfVO,Trompa-Mer,0.0,0.0,0.0,0.0,0.0,0.0,0.0,0.0,1.0
6kJrQzcIN8WPiQT2p5pO9c,Trompa-Mer,0.0,0.3333333333333333,0.0,0.0,0.0,0.3333333333333333,0.0,0.0,0.3333333333333333
